作者,作品,型別,進度,字數,作品積分,發表時間
龔心文,入侵[向哨],原創-言情-幻想未來-科幻,完結,654731,5074992640,2022-11-07 05:36:20,"簡介：觸手女主遇上寂寞虎鯨
標籤：科幻 女強 星際 哨向",oneauthor.php?authorid=2350375,onebook.php?novelid=4092704
蝶之靈,星際第一向導,原創-純愛-幻想未來-科幻,完結,564317,3275690496,2023-02-27 12:00:00,"簡介：強強，科幻文
標籤：強強 幻想空間 情有獨鍾 星際 輕鬆 哨向",oneauthor.php?authorid=137643,onebook.php?novelid=6987796
青梅醬,我能RUA你的精神體嗎,原創-純愛-幻想未來-愛情,完結,486707,2150091520,2021-04-20 15:25:30,"簡介：什麼鍋配什麼蓋。
標籤：強強 爽文 輕鬆 熱血 哨向",oneauthor.php?authorid=423251,onebook.php?novelid=5646960
不間不界,嚮導是不是重生的,原創-純愛-幻想未來-愛情,完結,364337,732836032,2019-12-30 10:00:00,"簡介：哨兵是不是穿越的？
標籤：強強 甜文 穿書 輕鬆 哨向",oneauthor.php?authorid=2140165,onebook.php?novelid=4165597
涼蟬,非正常海域,原創-純愛-近代現代-懸疑,完結,510353,900789312,2018-09-16 12:00:00,"簡介：讓我給你洗洗腦子
標籤：情有獨鍾 都市異聞 正劇 哨向",oneauthor.php?authorid=1244319,onebook.php?novelid=3435797
書櫻,最強哨兵總想rua我精神體,原創-純愛-幻想未來-愛情,完結,858560,760028736,2022-03-23 09:00:00,"簡介：腹黑悶騷哨兵vs清冷倔強嚮導
標籤：末世 輕鬆 賽博朋克 克蘇魯 哨向",oneauthor.php?authorid=3873310,onebook.php?novelid=6685673
青梅醬,請控制住你的嚮導素,原創-純愛-幻想未來-劇情,完結,262917,1030386240,2021-11-22 00:00:06,"簡介：感覺還能搶救一下
標籤：末世 正劇 廢土 美強慘 哨向",oneauthor.php?authorid=423251,onebook.php?novelid=4590503
璃子鳶,星際第一瀕危嚮導,原創-言情-幻想未來-愛情,完結,796083,723341248,2022-06-11 15:00:00,"簡介：他若是狂犬，你便是他的仁慈。
標籤：末世 廢土 救贖 哨向",oneauthor.php?authorid=1924445,onebook.php?novelid=3326524
涼蟬,逆向旅行,原創-純愛-近代現代-愛情,完結,494821,526658720,2017-01-01 12:00:00,"簡介：理想型天天灌我抑制劑！QAQ
標籤：幻想空間 情有獨鍾 都市異聞 輕鬆 哨向",oneauthor.php?authorid=1244319,onebook.php?novelid=2590218
不間不界,嚮導要聽劇本的話,原創-純愛-幻想未來-愛情,完結,474134,644885952,2022-09-07 10:00:00,"簡介：穿成癱瘓嚮導心裡苦
標籤：強強 相愛相殺 穿書 輕鬆 哨向",oneauthor.php?authorid=2140165,onebook.php?novelid=5574427
涼蟬,訓導法則,原創-純愛-近代現代-愛情,完結,619781,650541440,2019-03-17 12:00:00,"簡介：我被學生盯上了
標籤：強強 年下 都市異聞 輕鬆 哨向",oneauthor.php?authorid=1244319,onebook.php?novelid=3893463
莫土,元帥請淡定[星際],原創-純愛-幻想未來-愛情,完結,726433,615096128,2016-12-28 22:22:22,"簡介：元帥大人家的技術宅嚮導
標籤：強強 情有獨鍾 星際 甜文 爽文 哨向",oneauthor.php?authorid=198934,onebook.php?novelid=2755663
田園泡,我男朋友是神級哨兵？,原創-言情-幻想未來-愛情,完結,575662,700447104,2023-09-01 11:00:00,"簡介：女主她躺成四十五度
標籤：穿書 復仇虐渣 蟲族 輕鬆 哨向",oneauthor.php?authorid=1643745,onebook.php?novelid=8218236
原味麻薯,穿成哨向戀綜文炮灰的我和聯邦上將HE了,原創-純愛-幻想未來-愛情,完結,407102,299004768,2022-08-12 10:41:41,"簡介：精神體讓我rua rua
標籤：強強 星際 穿書 爽文 萬人迷 哨向",oneauthor.php?authorid=5043284,onebook.php?novelid=7228585
禿子小貳,我撿垃圾養你啊！小哥哥！,原創-純愛-幻想未來-愛情,連載,278748,636774656,2023-11-02 09:00:00,"簡介：一起長大，努力活下去
標籤：青梅竹馬 治癒 日常 賽博朋克 廢土 哨向",oneauthor.php?authorid=2665748,onebook.php?novelid=8314373
南冬裡煜,鹹魚嚮導揣了最強哨兵的崽後,原創-純愛-幻想未來-愛情,完結,639717,184666800,2022-01-08 09:00:00,"簡介：鹹魚嚮導受vs霸道醋王哨兵攻
標籤：強強 生子 星際 甜文 輕鬆 哨向",oneauthor.php?authorid=3474092,onebook.php?novelid=6166759
杏遙未晚,大魔王等待嚮導的第九年,原創-純愛-幻想未來-愛情,完結,423844,406373632,2020-10-26 22:30:00,"簡介：小奶狗變大魔王。
標籤：科幻 破鏡重圓 星際 未來架空 哨向",oneauthor.php?authorid=749468,onebook.php?novelid=4548845
雙面煎大鱈魚,下崗嚮導是貓貓妻,原創-純愛-幻想未來-愛情,完結,530277,323284640,2019-10-03 07:59:42,"簡介：我和好辣的小野貓結婚了
標籤：強強 年下 甜文 輕鬆 哨向",oneauthor.php?authorid=2518686,onebook.php?novelid=4373275
柳碎夜,流落荒島怎麼辦？,原創-百合-幻想未來-愛情,完結,617425,669484544,2018-08-23 22:30:00,"簡介：你管理我的生活
標籤：情有獨鍾 種田文 美食 輕鬆 哨向",oneauthor.php?authorid=395201,onebook.php?novelid=3352628
不間不界,嚮導物件是地球人,原創-純愛-幻想未來-科幻,完結,339087,261598192,2018-04-23 10:02:20,"簡介：穩定精神的方式是親吻和愛撫？
標籤：戀愛合約 星際 甜文 輕鬆 哨向",oneauthor.php?authorid=2140165,onebook.php?novelid=3389864
戲問,精神體是觸手怎麼辦,原創-純愛-幻想未來-愛情,連載,165203,327300928,2023-10-26 21:00:00,"簡介：精神體是觸手怎麼辦
標籤：強強 天作之合 爽文 升級流 哨向",oneauthor.php?authorid=3743609,onebook.php?novelid=8307950
宋優優,管一下你的精神體,原創-純愛-幻想未來-愛情,連載,723275,307817120,2023-03-30 23:00:00,"簡介：是精神體動的手！
標籤：情有獨鍾 天作之合 青梅竹馬 星際 成長 哨向",oneauthor.php?authorid=3515038,onebook.php?novelid=6367110
曲南雲,仗著自己毛茸茸,原創-純愛-幻想未來-愛情,完結,244445,200078304,2019-11-11 12:00:00,"簡介：就愛毛茸茸
標籤：逆襲 萌寵 輕鬆 傲嬌 哨向",oneauthor.php?authorid=395088,onebook.php?novelid=3988451
酩酊大罪,廢物制卡師，星際最強,原創-言情-幻想未來-愛情,完結,1307148,184732400,2022-06-07 22:26:00,"簡介：最愛你沒見過世面的樣子！
標籤：穿越時空 女強 輕鬆 哨向",oneauthor.php?authorid=2142918,onebook.php?novelid=6564129
反彈十一琵琶,白塔萬人嫌求生實錄,原創-純愛-幻想未來-科幻,連載,293986,334023840,2023-07-07 00:00:00,"簡介：為自己而活
標籤：強強 虐文 穿越時空 正劇 哨向",oneauthor.php?authorid=4536224,onebook.php?novelid=7475763
攬疏狂,嚮導一心點滿武力值,原創-純愛-幻想未來-愛情,完結,340213,194398272,2021-02-20 15:00:00,"簡介：你看我沙包一樣大的拳頭
標籤：強強 機甲 穿書 輕鬆 哨向",oneauthor.php?authorid=3534064,onebook.php?novelid=5357517
漫無蹤影,向哨的失控關係,原創-純愛-幻想未來-愛情,完結,441998,247680944,2022-03-12 21:50:30,"簡介：只是饞你精神體，沒想把人搭進去
標籤：強強 星際 甜文 輕鬆 哨向",oneauthor.php?authorid=67720,onebook.php?novelid=4216759
桃花安,銀河第一向導,原創-言情-幻想未來-劇情,完結,849002,151726096,2022-06-26 00:00:00,"簡介：帥氣女嚮導×美強慘男哨兵
標籤：強強 重生 星際 爽文 輕鬆 哨向",oneauthor.php?authorid=2166819,onebook.php?novelid=5778954
長魚即墨,反派覺醒計劃［快穿］,原創-百合-近代現代-愛情,完結,695494,172391248,2019-09-04 21:00:00,"簡介：和毀滅世界的女人的絕美愛情
標籤：穿越時空 系統 甜文 快穿 輕鬆 哨向",oneauthor.php?authorid=2302754,onebook.php?novelid=4118171
張無聲,向哨之重新定義可愛,原創-純愛-幻想未來-愛情,完結,307431,170899248,2023-02-01 12:00:00,"簡介：瘋執嚮導攻x純情哨兵受
標籤：強強 年下 末世 甜文 正劇 哨向",oneauthor.php?authorid=2023022,onebook.php?novelid=5384847
楊柳垂堤,惡毒配角打臉逆襲[快穿],原創-純愛-近代現代-愛情,完結,758740,131533544,2019-09-16 21:00:00,"簡介：純靠一張好臉走上人生巔峰~
標籤：豪門世家 情有獨鍾 快穿 爽文 輕鬆 哨向",oneauthor.php?authorid=1823629,onebook.php?novelid=4350361
靡寶,女神再臨,原創-言情-幻想未來-科幻,完結,607483,84966704,2017-06-25 12:00:00,"簡介：女戰神重生繼續升級+戀愛
標籤：科幻 情有獨鍾 甜文 輕鬆 哨向",oneauthor.php?authorid=5279,onebook.php?novelid=2622880
蝦炒飯,星際之我養一隻大獅子,原創-言情-幻想未來-愛情,完結,315006,74894976,2020-04-08 15:03:07,"簡介：鋼鐵直女VS靦腆獅子，他太難了
標籤：情有獨鍾 女強 未來架空 爽文 輕鬆 哨向",oneauthor.php?authorid=3005253,onebook.php?novelid=4727624
項綠瓜,萬人迷嚮導的煩惱,原創-純愛-幻想未來-愛情,完結,189051,106473280,2015-02-11 17:30:08,"簡介：神經病也要談戀愛！
標籤：幻想空間 歡喜冤家 爆笑 輕鬆 哨向",oneauthor.php?authorid=1543801,onebook.php?novelid=2384937
澤達,少將的假男友[哨向],原創-純愛-幻想未來-愛情,完結,195127,73104232,2017-10-26 22:35:42,"簡介：假的？真的！
標籤：強強 天作之合 甜文 哨向",oneauthor.php?authorid=894163,onebook.php?novelid=3300334
假髮浸酒,哨向之天生不對[星際],原創-純愛-幻想未來-愛情,完結,351922,77541952,2018-02-04 01:55:00,"簡介：首席哨兵慘變末席嚮導！
標籤：強強 情有獨鍾 星際 輕鬆 哨向",oneauthor.php?authorid=2133798,onebook.php?novelid=3393856
玉之,哨向之你們地球人真會玩,原創-純愛-幻想未來-愛情,完結,356564,77274400,2017-11-03 12:09:00,"簡介：你們地球人真會玩！
標籤：強強 星際 未來架空 輕鬆 哨向",oneauthor.php?authorid=2152619,onebook.php?novelid=3392946
秋凌,神級嚮導,原創-純愛-幻想未來-愛情,完結,527189,164788576,2016-04-01 15:18:22,"簡介：放飛自我
標籤：強強 生子 機甲 甜文 輕鬆 哨向",oneauthor.php?authorid=1219269,onebook.php?novelid=2726291
兮樹,我只是饞你的嚮導素,原創-言情-架空歷史-愛情,完結,221126,141224256,2020-05-11 16:06:06,"簡介：死對頭變物件，真香，真的香
標籤：歡喜冤家 異能 甜文 輕鬆 哨向",oneauthor.php?authorid=700819,onebook.php?novelid=4824324
尹人歡,聯盟逼我給上將大人治病,原創-純愛-幻想未來-愛情,完結,691058,68853080,2019-10-11 09:26:56,"簡介：哨向文，小甜餅。
標籤：情有獨鍾 星際 甜文 未來架空 輕鬆 哨向",oneauthor.php?authorid=2608576,onebook.php?novelid=4383022
苓心,情敵的精神體向他求愛了,原創-純愛-幻想未來-科幻,完結,474224,196156896,2021-09-04 00:00:00,"簡介：情敵居然偷偷暗戀他？
標籤：強強 幻想空間 重生 制服情緣 哨向",oneauthor.php?authorid=1851069,onebook.php?novelid=5692757
寧靜夜,哨向之親愛的天敵,原創-純愛-幻想未來-愛情,完結,329868,80104144,2017-11-20 02:00:00,"簡介：精神體是天敵怎麼破？
標籤：強強 情有獨鍾 星際 未來架空 輕鬆 哨向",oneauthor.php?authorid=2145587,onebook.php?novelid=3384393
華飛白,星際修真宗師,原創-純愛-幻想未來-愛情,完結,1373622,99409152,2016-11-19 00:26:00,"簡介：修真學霸的星際逆襲之路
標籤：強強 未來架空 升級流 正劇 哨向",oneauthor.php?authorid=1236799,onebook.php?novelid=2943810
AshesOfDust,男神你好煩[星際],原創-純愛-幻想未來-愛情,連載,205324,49766512,2017-09-13 13:35:12,"簡介：學長你好煩啊，真的好煩啊。
標籤：機甲 星際 甜文 正劇 哨向",oneauthor.php?authorid=2117424,onebook.php?novelid=3322516
兮樹,到哨塔去,原創-言情-幻想未來-奇幻,完結,150760,99874632,2017-05-26 12:00:00,"簡介：哨兵嚮導X雙傲嬌X大逃殺
標籤：強強 歡喜冤家 正劇 荒野求生 哨向",oneauthor.php?authorid=700819,onebook.php?novelid=3059172
曲南雲,我的男友是條龍,原創-純愛-幻想未來-愛情,完結,220272,75192640,2020-10-19 12:00:00,"簡介：他超厲害的！
標籤：幻想空間 甜文 校園 輕鬆 哨向",oneauthor.php?authorid=395088,onebook.php?novelid=4445924
簌簌吹雪,請指引我[嚮導哨兵GB],原創-言情-幻想未來-科幻,完結,255600,59397620,2023-03-17 00:00:00,"簡介：做你手中利劍，做我勇往直前戰旗
標籤：強強 末世 甜文 廢土 忠犬 哨向",oneauthor.php?authorid=3442983,onebook.php?novelid=5912769
狐陽,星際第一風水師,原創-純愛-幻想未來-愛情,完結,628839,221967024,2018-05-01 10:00:00,"簡介：魔頭當風水師，星際怕不是藥丸
標籤：強強 靈異神怪 穿越時空 星際 輕鬆 哨向",oneauthor.php?authorid=1577672,onebook.php?novelid=3401149
冬暝,黑狼哨兵的飼養方法,原創-言情-幻想未來-科幻,完結,324475,104012024,2017-05-07 11:00:00,"簡介：嚮導姐姐X哨兵少年
標籤：機甲 星際 正劇 御姐 哨向",oneauthor.php?authorid=453505,onebook.php?novelid=2919872
舞竹,釣系嚮導今天也被精神體貼貼,原創-純愛-近代現代-愛情,完結,254242,39858152,2022-09-07 06:00:00,"簡介：別思考，會變怪物。
標籤：異能 末世 甜文 克蘇魯 釣系 哨向",oneauthor.php?authorid=2426784,onebook.php?novelid=4956344
沈淮墨,雙向感染,原創-純愛-幻想未來-愛情,完結,562211,60084432,2022-02-28 20:00:00,"簡介：野啊老婆，不是，遵命教官！！
標籤：強強 生子 年下 破鏡重圓 ABO 哨向",oneauthor.php?authorid=4558950,onebook.php?novelid=6611635
森森惡意,無恥之徒[星際],原創-言情-幻想未來-劇情,連載,916973,54504676,2023-06-22 21:00:00,"簡介：騙子手冊×萬人迷日記√
標籤：星際 女扮男裝 爽文 升級流 美強慘 哨向",oneauthor.php?authorid=1776972,onebook.php?novelid=6888508
不行不行,清理腦內廢渣的一百種方法,原創-純愛-幻想未來-愛情,完結,410062,61128176,2017-12-01 20:30:02,"簡介：我家一本正經的攻實際沒救了
標籤：情有獨鍾 甜文 未來架空 輕鬆 HE 哨向",oneauthor.php?authorid=2167768,onebook.php?novelid=3413589
姜無沉,病秧子嚮導擺爛成神,原創-純愛-幻想未來-愛情,完結,952672,59128308,2023-07-01 23:00:00,"簡介：最強嚮導成了病秧子
標籤：強強 星際 團寵 暗戀 哨向",oneauthor.php?authorid=3440119,onebook.php?novelid=7413864
想發光的魚w,教官，我可以標記你嗎,原創-純愛-幻想未來-科幻,完結,249775,34059992,2019-08-16 21:01:45,"簡介：我的教官最最最最甜
標籤：強強 科幻 星際 甜文 輕鬆 哨向",oneauthor.php?authorid=2600598,onebook.php?novelid=4307676
雲一澤,哨塔的星星[男向女哨],原創-言情-幻想未來-劇情,完結,355633,58561424,2022-09-08 12:00:15,"簡介：少女啊成為星星吧~
標籤：異能 未來架空 成長 輕鬆 哨向",oneauthor.php?authorid=4350844,onebook.php?novelid=6872783
項綠瓜,虎兔同籠,原創-純愛-幻想未來-愛情,完結,232704,88463584,2015-07-06 23:00:00,"簡介：老虎嚮導與兔子哨兵
標籤：幻想空間 歡喜冤家 校園 輕鬆 哨向",oneauthor.php?authorid=1543801,onebook.php?novelid=2427777
懸刀,失憶後我認錯老攻了,原創-純愛-幻想未來-愛情,連載,147865,44358280,2020-10-19 09:00:00,"簡介：假貨老攻傾家蕩產來養我
標籤：豪門世家 喬裝改扮 星際 輕鬆 失憶 哨向",oneauthor.php?authorid=1959181,onebook.php?novelid=3147181
苓心,邪神的首席老婆跑了,原創-純愛-幻想未來-愛情,完結,170833,161261120,2022-06-27 00:00:00,"簡介：首席他和邪神相愛相殺
標籤：強強 幻想空間 相愛相殺 升級流 正劇 哨向",oneauthor.php?authorid=1851069,onebook.php?novelid=6592726
洛玥淺,強行入侵[向哨],原創-純愛-近代現代-科幻,完結,214120,14462866,2018-07-11 16:10:56,"簡介：你可以再信任我一點。
標籤：強強 科幻 天作之合 異能 正劇 哨向",oneauthor.php?authorid=2251122,onebook.php?novelid=3654142
鹿有妖,她的精神體怎麼是頭驢啊,原創-言情-幻想未來-劇情,完結,323189,33384460,2021-10-12 21:00:00,"簡介：莫愁前路無知己，誰能比你更牛逼
標籤：強強 業界精英 未來架空 輕鬆 哨向",oneauthor.php?authorid=3157039,onebook.php?novelid=5853308
秋凌,上將，顫抖吧,原創-純愛-幻想未來-愛情,完結,259342,98369360,2015-07-18 13:14:00,"簡介：放飛自我
標籤：強強 邊緣戀歌 喬裝改扮 未來架空 輕鬆 哨向",oneauthor.php?authorid=1219269,onebook.php?novelid=2494967
洛湛,那個哨兵他又帥又A,原創-純愛-幻想未來-愛情,完結,112905,32071866,2020-12-12 18:50:00,"簡介：但他真的只想躺
標籤：強強 幻想空間 甜文 萌寵 正劇 哨向",oneauthor.php?authorid=1024655,onebook.php?novelid=5341264
嬉遊,暗戀者來襲[重生],原創-純愛-幻想未來-愛情,完結,363527,36650160,2017-10-28 00:10:00,"簡介：明知道他愛我卻還要裝傻
標籤：情有獨鍾 重生 星際 勵志 輕鬆 哨向",oneauthor.php?authorid=1536149,onebook.php?novelid=3246551
雲劫,SS級嚮導,原創-純愛-幻想未來-愛情,完結,350400,105711064,2022-08-19 12:00:30,"簡介：他帶著洪荒之力重生了
標籤：情有獨鍾 天之驕子 重生 正劇 哨向",oneauthor.php?authorid=3304413,onebook.php?novelid=7173928
黎眠,被S級哨兵們瘋狂迷戀,原創-言情-幻想未來-愛情,連載,75722,87865040,2023-11-12 00:00:00,"簡介：哨兵怎麼叫：汪汪汪汪
標籤：星際 爽文 萬人迷 哨向",oneauthor.php?authorid=1686070,onebook.php?novelid=8375469
三春四野,感受來自異世界嚮導的恐懼,原創-純愛-幻想未來-愛情,連載,101980,39709360,2023-11-14 00:00:00,"簡介：病友雙雙異世界再就業
標籤：強強 天作之合 穿越時空 爽文 輕鬆 哨向",oneauthor.php?authorid=4045077,onebook.php?novelid=6168328
試新茶,論如何飼養一隻大型貓科,原創-百合-幻想未來-愛情,連載,71049,28459232,2022-06-07 22:07:37,"簡介：喵～
標籤：星際 系統 甜文 未來架空 輕鬆 哨向",oneauthor.php?authorid=2754517,onebook.php?novelid=5970253
試新茶,草莓味初戀（穿書）,原創-百合-近代現代-愛情,完結,125065,32420212,2021-07-01 21:00:00,"簡介：世間皆苦，唯你是草莓味
標籤：情有獨鍾 甜文 穿書 校園 輕鬆 哨向",oneauthor.php?authorid=2754517,onebook.php?novelid=4539910
海派蠟燭,我的學歷可能是假的,原創-言情-架空歷史-愛情,完結,346888,81939592,2018-06-25 18:00:00,"簡介：升職成功就分配物件
標籤：魔幻 情有獨鍾 正劇 哨向",oneauthor.php?authorid=745122,onebook.php?novelid=3222639
封訣,少將小號是我的白月光,原創-純愛-幻想未來-愛情,完結,434044,37801440,2019-10-23 22:35:15,"簡介：坑妻一時爽，追妻開小號
標籤：星際 甜文 校園 輕鬆 哨向",oneauthor.php?authorid=2636755,onebook.php?novelid=4375108
祈鳴,延時聯結,原創-純愛-幻想未來-愛情,完結,141000,39784952,2023-10-11 21:00:00,"簡介：你是我靈魂的另一半。
標籤：強強 輕鬆 廢土 忠犬 哨向",oneauthor.php?authorid=790957,onebook.php?novelid=4423023
李傳言,為奴隸嚮導獻上忠誠[向哨],原創-純愛-幻想未來-輕小說,連載,84188,77879488,2021-04-22 12:01:00,"簡介：哨兵：好耶，我想當嚮導先生的狗
標籤：強強 末世 勵志 逆襲 正劇 哨向",oneauthor.php?authorid=692597,onebook.php?novelid=4521110
天山童貓,王的嚮導,原創-純愛-幻想未來-愛情,完結,459260,32127192,2016-05-09 20:44:42,"簡介：鑽石王老五找物件
標籤：強強 幻想空間 星際 未來架空 輕鬆 哨向",oneauthor.php?authorid=1783768,onebook.php?novelid=2770836
罪化,容器之中,原創-純愛-幻想未來-科幻,連載,818562,92275624,2020-12-28 18:15:00,"簡介：光怪陸離，卻在容器之中
標籤：強強 科幻 歡喜冤家 懸疑推理 正劇 哨向",oneauthor.php?authorid=1584182,onebook.php?novelid=4136738
二兩糖茶,男朋友隨時要異變[無限],原創-純愛-幻想未來-懸疑,完結,325730,47296400,2021-06-01 19:46:45,"簡介：哨向夫夫聯手闖關~
標籤：強強 異能 無限流 懸疑推理 哨向",oneauthor.php?authorid=3916728,onebook.php?novelid=5827222
夏蟲語,將軍，你不能娶他！,原創-純愛-幻想未來-愛情,完結,293230,12096117,2015-10-30 14:00:00,"簡介：你的伴侶我說了算。
標籤：輕鬆 哨向",oneauthor.php?authorid=1120531,onebook.php?novelid=2362989
鶴南停,系統要我做芳心縱火犯［快穿］,原創-純愛-幻想未來-愛情,連載,196638,21535662,2020-04-15 18:00:00,"簡介：交你芳心，任你縱火
標籤：系統 甜文 快穿 穿書 輕鬆 哨向",oneauthor.php?authorid=2473813,onebook.php?novelid=4728236
風月掌櫃,他的毒舌嚮導,原創-純愛-幻想未來-傳奇,完結,499268,32537856,2018-12-11 21:00:00,"簡介：白月光今天依舊在懟人。
標籤：強強 天作之合 末世 未來架空 輕鬆 哨向",oneauthor.php?authorid=2346370,onebook.php?novelid=3941414
以初,嚮導今天不想拯救世界,原創-純愛-幻想未來-劇情,連載,329576,26448896,2022-08-10 23:07:37,"簡介：都是被逼的（。
標籤：強強 穿越時空 異能 系統 未來架空 哨向",oneauthor.php?authorid=5021667,onebook.php?novelid=7222528
他山之猹,[哨向]入鞘,原創-純愛-幻想未來-科幻,完結,392472,26900704,2018-07-19 01:30:00,"簡介：那個救了我的嚮導後來成了我物件
標籤：強強 情有獨鍾 異能 現代架空 正劇 哨向",oneauthor.php?authorid=2222478,onebook.php?novelid=3663660
桃花安,全職維修師,原創-言情-幻想未來-劇情,連載,509474,35249908,2023-09-06 00:00:00,"簡介：BG哨向，維修師×機甲手。
標籤：強強 機甲 星際 爽文 逆襲 哨向",oneauthor.php?authorid=2166819,onebook.php?novelid=6261986
黎也寺,重生回克蘇魯世界後成為萬人迷,原創-純愛-幻想未來-奇幻,連載,180621,34989832,2023-10-04 15:00:00,"簡介：但迷上我的都是怪物。
標籤：異能 重生 末世 克蘇魯 天選之子 哨向",oneauthor.php?authorid=5858787,onebook.php?novelid=8388402
春風無邪,前夫失憶後對我一見鍾情了,原創-純愛-幻想未來-科幻,完結,269139,32520994,2017-10-08 00:00:00,"簡介：今天依然不想復婚
標籤：強強 情有獨鍾 破鏡重圓 星際 熱血 哨向",oneauthor.php?authorid=1261419,onebook.php?novelid=3084410
一隻糰子,你怎麼還沒死,原創-純愛-幻想未來-愛情,連載,301444,22339816,2017-05-05 20:00:00,"簡介：每天想著弄死對方的模範夫夫
標籤：強強 情有獨鍾 異能 星際 正劇 哨向",oneauthor.php?authorid=598221,onebook.php?novelid=2913846
一點一尤,我在末日撿垃圾,原創-純愛-幻想未來-愛情,完結,349126,24474388,2019-01-21 21:00:01,"簡介：末日求生，順便談個戀愛
標籤：強強 末世 未來架空 正劇 哨向",oneauthor.php?authorid=2029899,onebook.php?novelid=3972153
西瓜配湯勺,亡夫歸來[星際],原創-純愛-幻想未來-愛情,完結,204433,16801996,2017-01-26 16:14:25,"簡介：論如何拯救一名失憶嚮導
標籤：機甲 星際 未來架空 爽文 正劇 哨向",oneauthor.php?authorid=1586418,onebook.php?novelid=3068618
禾如青,超控[星際],原創-純愛-幻想未來-科幻,完結,359623,31616960,2017-10-27 23:20:14,"簡介：拯救“大齡”哨兵特別行動。
標籤：科幻 天作之合 星際 正劇 哨向",oneauthor.php?authorid=2156716,onebook.php?novelid=3387569
鳶飛木離,[博君一肖]花海,衍生-言情-幻想未來-輕小說,完結,52393,4409820,2020-01-12 18:05:07,"簡介：哨向設定
標籤：生子 年下 科幻 破鏡重圓 正劇 哨向",oneauthor.php?authorid=968288,onebook.php?novelid=4493017
Kieren,帝國征服計劃,原創-純愛-幻想未來-愛情,完結,511709,16813572,2015-12-31 18:08:50,"簡介：哨兵嚮導，互攻，滿是金手指
標籤：強強 幻想空間 科幻 異能 輕鬆 哨向",oneauthor.php?authorid=1542822,onebook.php?novelid=2639166
瘋狂更新,嚮導被替身後在空間種田,原創-純愛-幻想未來-愛情,連載,264489,26243368,2023-11-09 18:00:00,"簡介：嚮導被替身後開始在空間種田
標籤：強強 隨身空間 種田文 星際 輕鬆 哨向",oneauthor.php?authorid=2401021,onebook.php?novelid=7390958
金山閃,攻略男主的特殊方式[向哨],原創-言情-幻想未來-愛情,完結,211678,26000056,2023-03-22 15:11:45,"簡介：平平無奇，但女主最強
標籤：情有獨鍾 相愛相殺 正劇 哨向",oneauthor.php?authorid=4874056,onebook.php?novelid=7437775
冬月青,第一皇子妃打臉記,原創-純愛-幻想未來-愛情,完結,309942,40940356,2017-09-05 18:00:00,"簡介：一切和我搶男神的，果斷打臉！
標籤：星際 打臉 爽文 輕鬆 哨向",oneauthor.php?authorid=1224263,onebook.php?novelid=3297896
秋凌,論白月光的逆襲,原創-純愛-幻想未來-愛情,完結,216641,73551736,2017-04-14 10:25:00,"簡介：放飛自我
標籤：強強 邊緣戀歌 重生 打臉 輕鬆 哨向",oneauthor.php?authorid=1219269,onebook.php?novelid=3005063
獨慕修,替婚王妃[星際],原創-純愛-幻想未來-愛情,完結,160200,27562536,2018-12-10 11:55:00,"簡介：王子和王妃的甜甜日常
標籤：強強 情有獨鍾 星際 輕鬆 哨向",oneauthor.php?authorid=2173200,onebook.php?novelid=3874446
幕天席地,哨向之黑暗哨兵說他又餓了,原創-純愛-幻想未來-愛情,完結,171586,16014739,2022-02-11 14:08:25,"簡介：糯米糰子味的嚮導素可太解饞了
標籤：強強 科幻 虐文 末世 正劇 哨向",oneauthor.php?authorid=4518786,onebook.php?novelid=6558185
溫請言,首席嚮導變成了治癒系,原創-純愛-幻想未來-愛情,連載,185158,12768760,2023-04-25 22:54:32,"簡介：美攻帥受天降竹馬
標籤：幻想空間 星際 萌寵 哨向",oneauthor.php?authorid=5580224,onebook.php?novelid=7979046
啞直,滾過來!抱老子[哨向],原創-言情-幻想未來-愛情,完結,131805,15390670,2020-01-24 09:00:01,"簡介：當霸總學了選修課:撒嬌
標籤：強強 破鏡重圓 機甲 星際 輕鬆 哨向",oneauthor.php?authorid=2220411,onebook.php?novelid=4225620
奶球的老父親,[哨向]追捕,原創-言情-幻想未來-科幻,連載,31558,4178934,2020-07-23 01:12:01,"簡介：獵物的狡詐遠遠超乎他們的想象
標籤：強強 異能 相愛相殺 現代架空 正劇 哨向",oneauthor.php?authorid=657709,onebook.php?novelid=5017633
鹿荼,【五悠】長月無邊（哨向）,衍生-純愛-幻想未來-其他衍生,完結,275560,6958787,2021-01-29 00:45:08,"簡介：讓他們在平行時空中在一起
標籤：強強 情有獨鍾 星際 咒回 正劇 哨向",oneauthor.php?authorid=3623390,onebook.php?novelid=5458296
作者,作品,型別,進度,字數,作品積分,發表時間
一清白白,玫瑰星際政事論壇[哨向],原創-言情-幻想未來-愛情,連載,169587,11715636,2022-08-18 18:02:59,"簡介：太親密才能不親密
標籤：強強 相愛相殺 正劇 哨向",oneauthor.php?authorid=2312689,onebook.php?novelid=7224779
徵十郎,Top型嚮導的日常,原創-純愛-幻想未來-輕小說,連載,26367,11643175,2020-05-25 01:54:42,"簡介：嚮導的火葬場
標籤：甜文 未來架空 爽文 異想天開 正劇 哨向",oneauthor.php?authorid=895722,onebook.php?novelid=4858516
滄海千山,[超蝙]斯莫維爾的黎明(哨向/abo),衍生-純愛-近代現代-西方衍生,完結,81655,20204232,2022-03-28 16:03:30,"簡介：哨兵嚮導三代超蝙
標籤：強強 生子 天作之合 超級英雄 輕鬆 哨向",oneauthor.php?authorid=1735241,onebook.php?novelid=6527481
純情論,哨向世界裡蛄蛹者的生存日常,原創-言情-幻想未來-愛情,連載,181389,27238464,2023-10-01 00:23:00,"簡介：我，哨兵，但嚮導不想跟我貼貼
標籤：穿越時空 女強 爽文 輕鬆 廢土 哨向",oneauthor.php?authorid=738085,onebook.php?novelid=7247092
貓大頭,朝城閒事,原創-純愛-幻想未來-奇幻,連載,823244,16406899,2020-09-30 02:37:17,"簡介：你種菜，我燒火，朝城全員不捱餓
標籤：強強 年下 異能 未來架空 正劇 哨向",oneauthor.php?authorid=3401666,onebook.php?novelid=5201243
澈生,恭喜伴侶，又活一天,原創-純愛-幻想未來-科幻,連載,100957,13902127,2023-11-22 00:00:01,"簡介：算你小子命硬
標籤：強強 異能 星際 甜文 輕鬆 哨向",oneauthor.php?authorid=4225649,onebook.php?novelid=7968087
黎明悄悄時,[我的英雄學院][轟出勝]最佳匹配,衍生-純愛-幻想未來-東方衍生,連載,103687,4431429,2018-04-10 21:07:35,"簡介：綠谷出久如何成為最強嚮導
標籤：科幻 少年漫 機甲 星際 正劇 哨向",oneauthor.php?authorid=1623719,onebook.php?novelid=3553861
灰色曲率,哨向特別行動小組,原創-百合-幻想未來-劇情,完結,505195,18590984,2019-10-10 21:43:10,"簡介：你是我的命運，我的愛情
標籤：制服情緣 正劇 群像 哨向",oneauthor.php?authorid=2485618,onebook.php?novelid=4382623
南冬裡煜,第一向導和反派哨兵互穿後,原創-純愛-幻想未來-愛情,連載,106266,8876039,2023-04-12 16:58:58,"簡介：萬人迷團寵嚮導和雙人格卷王哨兵
標籤：強強 靈魂轉換 星際 團寵 多重人格 哨向",oneauthor.php?authorid=3474092,onebook.php?novelid=6277714
子兔毛,漂亮嚮導他超強,原創-純愛-幻想未來-科幻,完結,326650,27984462,2023-04-21 12:00:00,"簡介：以一頂百的那種
標籤：強強 科幻 天作之合 星際 異想天開 哨向",oneauthor.php?authorid=2007299,onebook.php?novelid=5297853
醉白蝦,星際暴走計劃,原創-言情-幻想未來-科幻,完結,311942,15812665,2018-07-11 18:34:58,"簡介：報告，將軍她落草為寇！
標籤：情有獨鍾 星際 甜文 輕鬆 哨向",oneauthor.php?authorid=2295880,onebook.php?novelid=3654380
九*******炎,[*******好,衍生-純愛-近代現代-西方衍生,連載,164609,11852287,2016-05-29 11:11:11,"簡介：好好學習，禁止早戀！
標籤：英美衍生 種田文 超級英雄 輕鬆 哨向",oneauthor.php?authorid=1359137,onebook.php?novelid=2500744
也無緣,哨向之星系上將,原創-純愛-幻想未來-愛情,完結,244557,6555187,2016-12-22 22:19:27,"簡介：一個地球人重生後努力生活的故事
標籤：正劇 哨向",oneauthor.php?authorid=1949212,onebook.php?novelid=3031975
翠寒煙,南十字星[哨向],原創-純愛-幻想未來-愛情,連載,583098,11828295,2017-06-15 02:52:40,"簡介：神級哨兵和神級嚮導的回家之路。
標籤：強強 邊緣戀歌 機甲 未來架空 正劇 哨向",oneauthor.php?authorid=585361,onebook.php?novelid=3222093
Iris不在,hp My dearest,衍生-純愛-近代現代-西方衍生,完結,382032,7299131,2018-03-05 21:41:06,"簡介：嚮導教授x哨兵哈利
標籤：英美衍生 強強 生子 輕鬆 哨向",oneauthor.php?authorid=819059,onebook.php?novelid=3515186
o*******o,江*******文,原創-純愛-幻想未來-愛情,完結,172910,10404220,2017-01-14 11:18:50,"簡介：普通少年覺醒成長為帝國第一向導
標籤：虐文 未來架空 正劇 HE 哨向",oneauthor.php?authorid=1162643,onebook.php?novelid=3050607
杭白,哨兵嚮導戀愛集,原創-純愛-幻想未來-愛情,連載,11042,7806192,2022-11-01 00:00:00,"簡介：哨兵嚮導談戀愛=v=
標籤：情有獨鍾 天作之合 星際 暗戀 單元文 哨向",oneauthor.php?authorid=2168063,onebook.php?novelid=3818601
吸血鬼太太,【博君一肖】生存遊戲,衍生-純愛-幻想未來-其他衍生,連載,247438,5738229,2020-02-17 12:59:36,"簡介：一個嚮導混進了哨兵的生死角逐裡
標籤：年下 科幻 情有獨鍾 異能 正劇 哨向",oneauthor.php?authorid=2683805,onebook.php?novelid=4564057
二兩糖茶,今日倒計時：零,原創-純愛-幻想未來-愛情,完結,258555,23525060,2022-08-16 12:00:00,"簡介：趁還活著，快點愛我
標籤：前世今生 末世 正劇 賽博朋克 哨向",oneauthor.php?authorid=3916728,onebook.php?novelid=5897438
唐小同學,心尖笛音,原創-百合-架空歷史-愛情,完結,73600,7637846,2022-01-18 00:00:15,"簡介：失控了，要老婆抱抱才能好。
標籤：情有獨鍾 穿越時空 輕鬆 HE 哨向",oneauthor.php?authorid=2658828,onebook.php?novelid=4825286
風清1082,星辰嚮導『星際』,原創-言情-幻想未來-愛情,完結,238691,4984321,2021-06-13 10:00:00,"簡介：自戀少女心哨兵×顏控黑蓮花嚮導
標籤：異能 機甲 星際 未來架空 輕鬆 哨向",oneauthor.php?authorid=1275652,onebook.php?novelid=4948212
冰魄諾倫,破繭[總一.向哨.主蒼穹之法芙娜],衍生-純愛-幻想未來-輕小說,連載,99538,7232575,2015-03-15 15:00:00,"簡介：龍宮島那對大天然的夫夫相隨實錄
標籤：科幻 情有獨鍾 青梅竹馬 機甲 哨向",oneauthor.php?authorid=673557,onebook.php?novelid=2402617
童北焰,諸伏景光的九條半命,衍生-無CP-幻想未來-輕小說,連載,81932,2605204,2022-12-07 03:07:10,"簡介：景零嚮導哨兵搭檔
標籤：科幻 少年漫 柯南 正劇 燒腦 哨向",oneauthor.php?authorid=4495220,onebook.php?novelid=6822056
辭樓西,最後的哨兵,原創-純愛-幻想未來-愛情,完結,194805,11738449,2022-03-29 12:00:00,"簡介：我就是餓死，也不吃你這顆回頭草
標籤：強強 懸疑推理 哨向",oneauthor.php?authorid=3681602,onebook.php?novelid=6542175
九小二,王爺，你資訊素漏了[哨向],原創-純愛-幻想未來-愛情,連載,240056,11119003,2021-10-11 10:55:42,"簡介：最強哨兵和最強嚮導的極限拉扯
標籤：強強 古穿今 機甲 星際 正劇 哨向",oneauthor.php?authorid=1024535,onebook.php?novelid=6260054
空篌,代號601[快穿],原創-純愛-近代現代-愛情,連載,330633,17955722,2017-06-01 19:00:00,"簡介：就是這麼任性，還能咋的？
標籤：強強 情有獨鍾 穿越時空 快穿 輕鬆 哨向",oneauthor.php?authorid=828157,onebook.php?novelid=3008124
紅星redstar,大佬的白月光是我[哨向],原創-純愛-幻想未來-愛情,連載,31456,4070207,2020-03-26 10:44:40,"簡介：冷漠黏人攻線上追妻。
標籤：強強 破鏡重圓 末世 甜文 正劇 哨向",oneauthor.php?authorid=2873084,onebook.php?novelid=4685703
獨慕修,萬能嚮導[穿書],原創-純愛-幻想未來-愛情,連載,71905,12195229,2023-09-21 00:00:00,"簡介：你我本無緣，全靠你死纏。
標籤：情有獨鍾 星際 穿書 輕鬆 哨向",oneauthor.php?authorid=2173200,onebook.php?novelid=4205660
王家玉璽,[哨向]天演,原創-純愛-幻想未來-懸疑,完結,269497,5384535,2020-12-28 20:04:16,"簡介：哨兵嚮導，你是我的唯一。
標籤：強強 現代架空 懸疑推理 都市異聞 正劇 哨向",oneauthor.php?authorid=938683,onebook.php?novelid=5380113
藤色,哨向之我的搭檔剛出土,原創-純愛-幻想未來-劇情,連載,216098,9974094,2020-08-19 19:28:52,"簡介：末世哨向的是怎樣出任務的
標籤：強強 情有獨鍾 天作之合 末世 正劇 哨向",oneauthor.php?authorid=2342169,onebook.php?novelid=5107513
鍋裡沒肉,我是一名b級嚮導,原創-言情-幻想未來-奇幻,連載,24467,885575,2023-08-28 23:39:15,"簡介：人生亂套我睡覺
標籤：女強 輕鬆 日常 哨向",oneauthor.php?authorid=5870192,onebook.php?novelid=8347397
雁久歸,星際攻略大師[快穿],原創-純愛-幻想未來-愛情,連載,145387,5412099,2019-05-07 23:00:00,"簡介：霸道主角，線上撩漢
標籤：強強 情有獨鍾 快穿 爽文 輕鬆 哨向",oneauthor.php?authorid=2210885,onebook.php?novelid=4145370
樹上麻雀,獅子？貓貓！,原創-純愛-幻想未來-愛情,連載,12162,824150,2023-08-13 00:36:11,"簡介：xp之作（指偽強攻）
標籤：強強 甜文 輕鬆 哨向",oneauthor.php?authorid=5107777,onebook.php?novelid=8188070
一南孚,看他造出個什麼世界,原創-純愛-架空歷史-科幻,連載,4096,2388734,2019-01-17 10:28:07,"簡介：抱著老攻打喪屍
標籤：強強 因緣邂逅 末世 未來架空 正劇 哨向",oneauthor.php?authorid=1965127,onebook.php?novelid=3870145
劉季拋,[全職高手-哨向-葉藍/韓張]Who Says,衍生-純愛-幻想未來-東方衍生,連載,110944,2517623,2015-12-12 23:51:37,"簡介：葉藍葉，韓張韓，感受一下。
標籤：異能 相愛相殺 正劇 哨向",oneauthor.php?authorid=1707331,onebook.php?novelid=2627955
一隻香梨,[向哨]定製刀鞘,原創-純愛-近代現代-劇情,連載,164313,3171874,2020-07-20 18:29:01,"簡介：怎麼會有嚮導不圖我的臉和錢？
標籤：強強 年下 天之驕子 哨向",oneauthor.php?authorid=3230926,onebook.php?novelid=5010149
魚缸兒,逃逸速度【星際】,原創-純愛-幻想未來-科幻,完結,469473,6554590,2021-10-27 08:00:00,"簡介：你是我逃不掉的萬有引力
標籤：年下 科幻 天作之合 復仇虐渣 正劇 哨向",oneauthor.php?authorid=2794541,onebook.php?novelid=6286086
鏡臺,此刻有誰走向我,原創-言情-幻想未來-愛情,完結,77756,1916279,2022-03-02 22:55:28,"簡介：我們是成雙成對來到這個世界
標籤：情有獨鍾 西方羅曼 未來架空 哨向",oneauthor.php?authorid=1918265,onebook.php?novelid=6618260
鈴醬,[三國哨向][曹郭] 短歌行,衍生-純愛-架空歷史-東方衍生,完結,64107,2296056,2017-06-15 12:39:31,"簡介：小曹與小郭不得不說的故事
標籤：情有獨鍾 天作之合 正劇 哨向",oneauthor.php?authorid=358133,onebook.php?novelid=3222321
有仙則名,南風聽我意（哨向）,原創-言情-幻想未來-愛情,完結,157829,3029663,2022-05-04 14:44:09,"簡介：本想吃個瓜，沒想到主角是自己。
標籤：穿越時空 星際 甜文 輕鬆 哨向",oneauthor.php?authorid=4254050,onebook.php?novelid=6845996
帛承,逃離監獄島[雙向導],原創-言情-幻想未來-劇情,連載,423019,20553494,2021-03-09 21:00:00,"簡介：將自由之火傳向宇宙。
標籤：邊緣戀歌 穿越時空 女強 未來架空 忠犬 哨向",oneauthor.php?authorid=1883540,onebook.php?novelid=4276405
小瘋子莫雨,[哨向]兄弟戰爭,衍生-言情-近代現代-其他衍生,連載,23402,1369771,2021-01-18 03:12:00,"簡介：七個兄弟每天都在為我大打出手
標籤：近水樓臺 日韓泰 相愛相殺 爽文 輕鬆 哨向",oneauthor.php?authorid=2324863,onebook.php?novelid=5413222
兮樹,近距離遠愛,原創-言情-架空歷史-愛情,完結,7849,58433968,2021-10-12 17:00:45,"簡介：嚮導x嚮導 雙向暗戀
標籤：歡喜冤家 近水樓臺 異能 輕鬆 哨向",oneauthor.php?authorid=700819,onebook.php?novelid=4346451
夕誅,狼狗飼養指南[哨向],原創-言情-幻想未來-懸疑,暫停,73220,5659101,2018-03-18 12:24:00,"簡介：非典型哨向文，愛情與死亡倒計時
標籤：天作之合 異能 現代架空 懸疑推理 正劇 哨向",oneauthor.php?authorid=1665855,onebook.php?novelid=3387909
紅星redstar,[哨向]雙S夫夫的甜寵日常,原創-純愛-幻想未來-愛情,連載,30332,3437247,2020-03-18 03:56:22,"簡介：你是我的太陽。
標籤：強強 天作之合 甜文 未來架空 輕鬆 哨向",oneauthor.php?authorid=2873084,onebook.php?novelid=4655385
江瓊i,我被迫直播流浪荒星,原創-純愛-幻想未來-科幻,完結,208144,8414900,2023-07-15 18:00:00,"簡介：流浪荒星也要搞純愛！
標籤：強強 星際 直播 賽博朋克 荒野求生 哨向",oneauthor.php?authorid=5760415,onebook.php?novelid=8204045
鏡臺,愛的失敗作,原創-言情-幻想未來-愛情,連載,262988,4111125,2023-07-01 17:41:00,"簡介：青春期哨兵真香現場。
標籤：花季雨季 西方羅曼 未來架空 正劇 哨向",oneauthor.php?authorid=1918265,onebook.php?novelid=8155206
芄芯煙,我把白月光當替身了,原創-純愛-幻想未來-愛情,連載,242414,13440886,2021-07-03 22:42:31,"簡介：匹配的小哨兵竟是白月光
標籤：強強 白月光 救贖 哨向",oneauthor.php?authorid=2083289,onebook.php?novelid=5926548
左勒,[向哨]撿到死對頭的精神體後,原創-純愛-近代現代-奇幻,連載,82678,1863802,2022-04-04 21:05:19,"簡介：性感小野狼，線上抱大腿
標籤：強強 情有獨鍾 現代架空 校園 正劇 哨向",oneauthor.php?authorid=4658020,onebook.php?novelid=6735607
聞折竹,【哨向】應激性戀愛,原創-言情-幻想未來-愛情,連載,157228,2889139,2021-12-18 18:00:00,"簡介：你是突如其來的心動。
標籤：星際 甜文 未來架空 輕鬆 哨向",oneauthor.php?authorid=4397286,onebook.php?novelid=6393430
一城風雨,嚮導向我求愛後我們He了（向哨,原創-純愛-幻想未來-愛情,完結,40241,2830791,2019-01-20 13:49:45,"簡介：萌萌噠哨兵和能力逆天的嚮導
標籤：強強 甜文 輕鬆 HE 哨向",oneauthor.php?authorid=2218621,onebook.php?novelid=4000803
南冬裡煜,失憶後萬人迷嚮導有崽了,原創-純愛-幻想未來-愛情,連載,40600,3588498,2023-03-02 20:00:00,"簡介：漂亮嚮導和暴躁上將為崽協議結婚
標籤：生子 歡喜冤家 戀愛合約 甜文 萬人迷 哨向",oneauthor.php?authorid=3474092,onebook.php?novelid=7824709
烽煙,靈魂伴侶[向哨],原創-純愛-古色古香-愛情,連載,21724,3712624,2016-01-24 16:30:00,"簡介：我們是不可分割的整體。
標籤：天作之合 西方羅曼 正劇 哨向",oneauthor.php?authorid=1235130,onebook.php?novelid=2538403
綠*******茵,[*******定,衍生-言情-架空歷史-東方衍生,完結,39971,887734,2014-09-11 02:41:52,"簡介：全職高手肖戴，哨向設定
標籤：制服情緣 正劇 哨向",oneauthor.php?authorid=796638,onebook.php?novelid=2222631
兩河星,小心那個精神體！,原創-純愛-幻想未來-愛情,連載,103427,6156387,2023-10-02 20:21:03,"簡介：為了和他並肩
標籤：星際 成長 正劇 群穿 哨向",oneauthor.php?authorid=5918315,onebook.php?novelid=8419513
削月亮,[崩鐵]卡芙卡的嚮導指南,衍生-言情-幻想未來-輕小說,完結,35239,888268,2023-08-06 20:15:21,"簡介：刃X卡芙卡，星核獵手主場
標籤：治癒 哨向 星穹鐵道",oneauthor.php?authorid=4955345,onebook.php?novelid=8278623
冬鬱,【向哨】記一次快樂的蜜月旅行,原創-純愛-幻想未來-愛情,完結,86929,1947580,2022-04-04 08:31:00,"簡介：非典型星際公路旅行。
標籤：年下 情有獨鍾 星際 正劇 哨向",oneauthor.php?authorid=779060,onebook.php?novelid=4961736
清*******坤,被*******了,原創-純愛-幻想未來-愛情,連載,53724,2214395,2020-10-01 17:42:17,"簡介：反婚哨兵與反婚嚮導的婚後生活
標籤：幻想空間 婚戀 現代架空 異想天開 輕鬆 哨向",oneauthor.php?authorid=1837208,onebook.php?novelid=5204752
葉聆西,嚮導無所不能,原創-純愛-幻想未來-奇幻,連載,40600,871220,2022-08-01 12:00:00,"簡介：你是我滿身鮮血也要擁抱的人
標籤：強強 天之驕子 星際 哨向",oneauthor.php?authorid=2783050,onebook.php?novelid=7027758
Clare·Swift,[JOJO]最後的哨兵,衍生-言情-幻想未來-其他衍生,暫停,19804,1191003,2020-06-22 04:40:10,"簡介：哨向背景，JO混部全員向
標籤：女強 少年漫 爽文 JOJO 輕鬆 哨向",oneauthor.php?authorid=1878757,onebook.php?novelid=4924463
遙鼓,[哨向],原創-言情-幻想未來-愛情,完結,107704,5887739,2019-07-04 18:29:05,"簡介：這誰頂得住啊！
標籤：穿書 爽文 異想天開 輕鬆 哨向",oneauthor.php?authorid=2387733,onebook.php?novelid=4236964
m*******m,哨*******活,原創-純愛-幻想未來-愛情,完結,72080,1004631,2017-02-10 15:28:04,"簡介：系統配對男哨兵和男嚮導
標籤：生子 機甲 星際 系統 正劇 哨向",oneauthor.php?authorid=1979837,onebook.php?novelid=3090483
賒山色,絲血不耽誤我打怪[哨向],原創-言情-幻想未來-遊戲,連載,82885,5981290,2023-10-24 09:28:46,"簡介：嚮導正在大殺四方！
標籤：女強 爽文 全息 哨向",oneauthor.php?authorid=5946708,onebook.php?novelid=8459779
Moonbeam2,當嚮導穿越到只有哨兵的世界（哨向偽末日）,原創-純愛-幻想未來-奇幻,連載,230619,3476570,2022-09-16 12:42:03,"簡介：失憶嚮導異世界探險記！
標籤：天作之合 異能 末世 異想天開 哨向",oneauthor.php?authorid=5138732,onebook.php?novelid=7355556
辭辭薦薦_,[查理九世同人 哨向]Choker,衍生-言情-近代現代-其他衍生,連載,47521,1548418,2021-04-17 07:00:00,"簡介：我將為你重返人間。
標籤：強強 業界精英 正劇 哨向",oneauthor.php?authorid=1674841,onebook.php?novelid=5640064
晏書藝,精神體敏感源［向哨］,原創-純愛-幻想未來-愛情,連載,22060,1420703,2021-08-14 21:00:00,"簡介：哨兵受真的很敏感呢~
標籤：破鏡重圓 天作之合 校園 萌寵 輕鬆 哨向",oneauthor.php?authorid=2997859,onebook.php?novelid=6070003
廣式清蒸鱸魚,gl哨向 飼養小鳥,原創-百合-幻想未來-愛情,連載,114269,1964992,2023-07-19 22:48:10,"簡介：我把你當老闆，你卻把我當老婆
標籤：戀愛合約 甜文 輕鬆 哨向",oneauthor.php?authorid=5751792,onebook.php?novelid=8220050
風雪添酒,一篇哨向成文始末,原創-純愛-幻想未來-愛情,連載,20796,15337678,2019-09-15 00:00:01,"簡介：論哨向文是如何寫成的
標籤：強強 異能 相愛相殺 未來架空 輕鬆 哨向",oneauthor.php?authorid=2612299,onebook.php?novelid=4324707
赫雷斯Jerez,[四大名捕哨向]般若,衍生-純愛-幻想未來-東方衍生,完結,163239,1512474,2021-02-23 23:39:18,"簡介：非主流哨向現架
標籤：武俠 強強 天作之合 現代架空 正劇 哨向",oneauthor.php?authorid=3626723,onebook.php?novelid=5550056
月釐,醒來後人設不對勁,原創-言情-幻想未來-劇情,連載,74455,3360467,2023-09-12 00:00:01,"簡介：失憶後人設似乎不太對
標籤：蟲族 哨向",oneauthor.php?authorid=4620751,onebook.php?novelid=7412093
聽蕉,〖哨向〗 將軍的情書,原創-純愛-幻想未來-愛情,連載,44461,840338,2015-10-05 13:54:13,"簡介：好想和你談戀愛
標籤：強強 天作之合 相愛相殺 未來架空 正劇 哨向",oneauthor.php?authorid=1123006,onebook.php?novelid=2579472
慕幸,[P5][向哨-曉x蓮]  捷塔,衍生-純愛-幻想未來-東方衍生,暫停,28627,734545,2018-05-12 10:12:49,"簡介：p5水仙真他喵好吃啊
標籤：強強 異能 少年漫 甜文 輕鬆 哨向",oneauthor.php?authorid=850106,onebook.php?novelid=3584395
鈴醬,[三國哨向][遼荀] 白門樓,衍生-純愛-架空歷史-古典衍生,完結,17773,1186281,2017-04-21 13:22:02,"簡介：白門樓上，白門樓下。
標籤：古典名著 正劇 哨向",oneauthor.php?authorid=358133,onebook.php?novelid=3167318
紅星redstar,救贖高嶺之花落魄攻[哨向],原創-純愛-幻想未來-愛情,連載,12263,2031945,2023-05-07 00:16:12,"簡介：我的野心是將您據為己有
標籤：強強 破鏡重圓 星際 甜文 正劇 哨向",oneauthor.php?authorid=2873084,onebook.php?novelid=8004447
雪域梅寒,（忘羨哨向）非典型嚮導,衍生-純愛-架空歷史-輕小說,完結,9462,443582,2019-01-24 17:01:59,"簡介：
標籤：輕鬆 哨向",oneauthor.php?authorid=2333070,onebook.php?novelid=4006383
樂子淵,我家嚮導總是傻白甜,原創-純愛-幻想未來-科幻,連載,79148,1563768,2017-03-24 13:15:10,"簡介：自家嚮導總是傻白甜怎麼破
標籤：幻想空間 機甲 甜文 爽文 輕鬆 哨向",oneauthor.php?authorid=2007691,onebook.php?novelid=3138087
虞鹽,[風昊]Arrest,衍生-純愛-近代現代-東方衍生,連載,95906,1696166,2021-02-22 21:07:07,"簡介：哨兵風X嚮導昊
標籤：強強 正劇 哨向",oneauthor.php?authorid=2978397,onebook.php?novelid=5545161
山琴,哨向之上將的絕色媳婦,原創-純愛-幻想未來-科幻,連載,137648,5036588,2020-01-27 23:00:47,"簡介：腹黑上將大人攻VS貓系美少年受
標籤：歡喜冤家 穿越時空 星際 輕鬆 哨向",oneauthor.php?authorid=1016812,onebook.php?novelid=4512602
青山染雨,［十週］馴養,衍生-純愛-近代現代-其他衍生,連載,14165,552307,2021-04-23 01:28:35,"簡介：我不是最強哨兵但最強哨兵是我的
標籤：情有獨鍾 成長 輕鬆 哨向",oneauthor.php?authorid=2484115,onebook.php?novelid=5718681
林木深深,[哨向]論哨兵嚮導是怎樣誕生的,原創-純愛-幻想未來-愛情,連載,63569,1224846,2017-11-13 11:20:00,"簡介：穿越嚮導拯救世界
標籤：穿越時空 未來架空 正劇 哨向",oneauthor.php?authorid=1204891,onebook.php?novelid=3400225
北塵塵,巔峰之途（星際）,原創-純愛-近代現代-愛情,暫停,72614,4394574,2015-01-08 10:00:00,"簡介：為了人類，他也是蠻拼的！
標籤：強強 年下 穿越時空 輕鬆 哨向",oneauthor.php?authorid=1011721,onebook.php?novelid=2321744
汪毛球,猛兔弱虎,原創-純愛-近代現代-愛情,完結,10932,488480,2018-12-01 15:25:59,"簡介：女裝哨兵愛上大佬嚮導
標籤：生子 情有獨鍾 天作之合 甜文 輕鬆 哨向",oneauthor.php?authorid=2206390,onebook.php?novelid=3944048
當個杯子,進入精神圖景後,原創-言情-幻想未來-愛情,連載,38602,2809203,2023-12-20 09:00:00,"簡介：犯每個女人都會犯的錯
標籤：強強 幻想空間 甜文 爽文 廢土 哨向",oneauthor.php?authorid=5855730,onebook.php?novelid=8550996
紫色波爾多,E級嚮導是矽基生物,原創-言情-幻想未來-劇情,連載,116521,4240548,2023-07-11 17:55:49,"簡介：穿越後發現自己不是人了
標籤：機甲 星際 爽文 升級流 吃貨 哨向",oneauthor.php?authorid=5745721,onebook.php?novelid=8190525
奈米婭,鍊金師她真的不想拯救世界,原創-言情-幻想未來-劇情,連載,72936,3735176,2023-10-29 19:30:52,"簡介：沒辦法只能頂上了
標籤：末世 女強 正劇 熱血 群像 哨向",oneauthor.php?authorid=5944179,onebook.php?novelid=8470491
君觀紙上墨,[火影]犯罪同夥,衍生-言情-幻想未來-東方衍生,完結,5549,576627,2017-06-15 20:34:48,"簡介：你絕不可能活捉我們。
標籤：火影 情有獨鍾 輕鬆 哨向",oneauthor.php?authorid=2039249,onebook.php?novelid=3222927
脆皮玻璃糖,為了安家靠養老院統一了星際,原創-純愛-幻想未來-劇情,連載,171974,2226522,2023-08-13 23:46:09,"簡介：本獸神在星際當院長
標籤：強強 異能 星際 爽文 成長 哨向",oneauthor.php?authorid=5838163,onebook.php?novelid=8302938
君見清,那些年我的馬甲們,原創-純愛-幻想未來-科幻,連載,132005,1956160,2019-08-17 01:09:15,"簡介：當我活下來時，我就與你身在其中
標籤：強強 機甲 星際 未來架空 正劇 哨向",oneauthor.php?authorid=2330398,onebook.php?novelid=4313487
嘉言__,[策瑜]A CLOSE GAME,衍生-純愛-幻想未來-東方衍生,完結,22709,566900,2017-12-13 22:51:32,"簡介：首席哨兵和編外向導的相愛相殺
標籤：相愛相殺 輕鬆 哨向",oneauthor.php?authorid=1111667,onebook.php?novelid=3428579
廬十七,哎呀，一不小心被熊貓撲倒了,原創-純愛-幻想未來-劇情,連載,134360,3645803,2023-10-31 21:00:00,"簡介：是食鐵獸，但真不食鐵
標籤：青梅竹馬 末世 輕鬆 萬人迷 失憶 哨向",oneauthor.php?authorid=5491913,onebook.php?novelid=8394140
虞鹽,徒步荒漠,衍生-言情-近代現代-其他衍生,完結,17907,355432,2022-01-28 14:49:49,"簡介：她背光而來，所過春草茂盛。
標籤：強強 魔幻 正劇 哨向",oneauthor.php?authorid=2978397,onebook.php?novelid=6513132
小薄荷星,猩紅哨兵在汙染區殺穿了[廢土],原創-言情-幻想未來-劇情,連載,96814,5312003,2023-08-23 00:00:00,"簡介：猩紅即神明
標籤：異能 末世 廢土 荒野求生 盲盒 哨向",oneauthor.php?authorid=5445036,onebook.php?novelid=8293091
喝藥了,恭喜您又活過了一天[哨向],原創-言情-幻想未來-劇情,連載,74387,1101642,2023-10-02 16:39:47,"簡介：嚮導您活到今天已經很厲害了
標籤：女強 星際 未來架空 哨向",oneauthor.php?authorid=5917950,onebook.php?novelid=8419090
穆希克爾,美強慘嚮導他擺爛了,原創-純愛-幻想未來-奇幻,連載,235017,2982157,2022-12-24 19:23:31,"簡介：自以為是玩家的系統AI
標籤：強強 無限流 系統 輕鬆 美強慘 哨向",oneauthor.php?authorid=5350670,onebook.php?novelid=7639387
文不加碘,(向哨)魔鬼大祭司,原創-純愛-幻想未來-愛情,暫停,18556,397027,2020-03-21 12:17:22,"簡介：為我而死，為你而生
標籤：強強 重生 星際 爽文 正劇 哨向",oneauthor.php?authorid=2510884,onebook.php?novelid=4668989
幾盒袋鼠,（哨向）切爾芙樂園,原創-純愛-幻想未來-愛情,完結,45359,786288,2019-12-29 22:05:20,"簡介：傷殘哨兵和嚮導互幫互助逃離樂園
標籤：強強 生子 因緣邂逅 大冒險 正劇 哨向",oneauthor.php?authorid=2430868,onebook.php?novelid=4474431
Cogito,生吞（向哨）,原創-純愛-架空歷史-奇幻,連載,7252,280905,2022-08-22 16:29:34,"簡介：向哨，王的愛人
標籤：強強 年下 甜文 西幻 正劇 哨向",oneauthor.php?authorid=5074632,onebook.php?novelid=7271524
爺的窄腰呢,管好你的精神體,原創-純愛-近代現代-愛情,連載,15823,336799,2020-04-16 22:18:18,"簡介：暴躁哨兵漫漫偷妻路
標籤：強強 甜文 現代架空 輕鬆 治癒 哨向",oneauthor.php?authorid=3026407,onebook.php?novelid=4755808
高山行止,哨向之嚮導真的太難了,原創-言情-幻想未來-奇幻,連載,56007,859221,2020-04-13 13:45:12,"簡介：望過候鳥歸故里而我在想你
標籤：穿越時空 女強 星際 甜文 輕鬆 哨向",oneauthor.php?authorid=3014776,onebook.php?novelid=4742794
葉硯之,班長竟是我家哨兵,原創-言情-幻想未來-劇情,完結,149257,1887864,2021-06-27 10:31:24,"簡介：意外重逢的搭檔之旅
標籤：歡喜冤家 未來架空 成長 正劇 哨向",oneauthor.php?authorid=4031918,onebook.php?novelid=5902868
作者,作品,型別,進度,字數,作品積分,發表時間
溫璨,綠茶嚮導今天不想營業,原創-百合-近代現代-愛情,暫停,66697,4718508,2023-02-14 00:16:58,"簡介：請遊老闆僱傭我
標籤：靈異神怪 忠犬 單元文 哨向",oneauthor.php?authorid=1297990,onebook.php?novelid=3262116
迷失的黎明,精神體是個人怎麼辦【哨向】,原創-純愛-近代現代-愛情,連載,7495,235020,2021-05-23 18:25:04,"簡介：答曰:這不是更好嗎
標籤：強強 三教九流 異能 末世 正劇 哨向",oneauthor.php?authorid=3042153,onebook.php?novelid=5805196
何以至此,精英嚮導他不裝了,原創-純愛-幻想未來-愛情,連載,61025,691201,2023-12-03 03:00:00,"簡介：嚮導哨兵先婚後愛互相拉扯…
標籤：強強 星際 甜文 直播 先婚後愛 哨向",oneauthor.php?authorid=5997775,onebook.php?novelid=8534292
翼牌故事,請撿我回家哨向,原創-純愛-近代現代-愛情,連載,55598,856729,2022-10-26 22:01:00,"簡介：狗狗想有個家
標籤：異能 勵志 爽文 輕鬆 哨向",oneauthor.php?authorid=5231293,onebook.php?novelid=7472787
芸子熊貓,[全職高手|葉藍]我和你和我,衍生-純愛-近代現代-東方衍生,完結,10851,696587,2017-10-01 00:00:00,"簡介：只有你懂得我正在經歷的一切。
標籤：正劇 哨向",oneauthor.php?authorid=336436,onebook.php?novelid=3343486
劉季拋,[紅海行動|狙擊組哨向]最長能有多長 END,衍生-純愛-近代現代-東方衍生,完結,2999,359525,2018-03-12 11:50:14,"簡介：李懂的精神體並不是貂！
標籤：天作之合 業界精英 輕鬆 哨向",oneauthor.php?authorid=1707331,onebook.php?novelid=3521980
鑽入獅子堆的小毒蛇,[咒術回戰|虎伏]錨,衍生-純愛-近代現代-東方衍生,連載,91132,1461639,2022-01-30 16:15:29,"簡介：哨向pa虎伏刑偵劇
標籤：少年漫 懸疑推理 咒回 正劇 哨向",oneauthor.php?authorid=977500,onebook.php?novelid=6519918
十一十白,隱婚後我修煉成了星際最強[哨向],原創-言情-幻想未來-愛情,連載,19576,367760,2022-05-11 17:02:29,"簡介：為了變強，兔子貼狼。
標籤：天作之合 機甲 星際 甜文 正劇 哨向",oneauthor.php?authorid=4763823,onebook.php?novelid=6869139
柒遙,無星,原創-言情-幻想未來-愛情,完結,22551,222688,2019-08-07 20:45:20,"簡介：未來科幻設定哨向言情文。
標籤：科幻 花季雨季 星際 未來架空 正劇 哨向",oneauthor.php?authorid=2086454,onebook.php?novelid=4297255
天河落晚霜,舔唇[哨向],原創-純愛-近代現代-愛情,暫停,63866,860270,2019-02-14 20:21:45,"簡介：你的嘴好像有點幹
標籤：強強 情有獨鍾 破鏡重圓 天作之合 正劇 哨向",oneauthor.php?authorid=2438819,onebook.php?novelid=4036067
剡羽,哨兵野化馴養實驗,原創-百合-近代現代-愛情,連載,16986,1671570,2021-03-31 03:44:11,"簡介：我要捕捉那個野生的哨兵！
標籤：正劇 哨向",oneauthor.php?authorid=419904,onebook.php?novelid=5646524
我是饅饅頭,bts學習就是力量（哨向）,原創-言情-近代現代-愛情,連載,15126,204195,2023-01-05 21:48:55,"簡介：搞笑，有趣 的日常，
標籤：幻想空間 娛樂圈 爽文 爆笑 哨向",oneauthor.php?authorid=3733562,onebook.php?novelid=7680069
路過的怪獸,（向哨）生死攸關談戀愛,原創-言情-近代現代-劇情,連載,225007,2635357,2023-03-30 23:09:59,"簡介：談一場充滿謀殺案的戀愛
標籤：強強 情有獨鍾 異能 正劇 日久生情 哨向",oneauthor.php?authorid=5541165,onebook.php?novelid=7919386
行拂亂其所為,《【向哨】開局一條狗》,原創-純愛-近代現代-愛情,暫停,7494,209640,2022-01-16 23:32:10,"簡介：舔狗的進化史
標籤：強強 情有獨鍾 異世大陸 甜文 正劇 哨向",oneauthor.php?authorid=3001091,onebook.php?novelid=6472032
十斤橙橙,從精神病院出院後我成嚮導了（哨向）,原創-純愛-幻想未來-奇幻,連載,37273,507842,2022-12-17 13:27:29,"簡介：嚮導哨兵強強結合
標籤：強強 天作之合 穿書 爽文 輕鬆 哨向",oneauthor.php?authorid=5333895,onebook.php?novelid=7617071
今朝又逢曲臨江,【鍾離&石昊】換青墳,衍生-純愛-幻想未來-其他衍生,連載,12120,285313,2023-10-15 04:06:37,"簡介：直球破萬法
標籤：強強 天之驕子 末世 哨向 原神",oneauthor.php?authorid=1739292,onebook.php?novelid=8442428
渡有閒之,虛假和平[哨向],原創-純愛-幻想未來-愛情,連載,104400,1483198,2018-09-26 01:12:12,"簡介：波瀾不驚是掩飾心動的虛假和平
標籤：科幻 情有獨鍾 異能 未來架空 正劇 哨向",oneauthor.php?authorid=2354428,onebook.php?novelid=3877448
向曦行,噩夢遊戲[無限],原創-言情-近代現代-劇情,連載,86682,2821638,2020-01-13 12:33:48,"簡介：玩遊戲麼？
標籤：驚悚 情有獨鍾 末世 正劇 哨向",oneauthor.php?authorid=1808222,onebook.php?novelid=4493929
花川源,致不配被愛之人（哨向）,原創-言情-幻想未來-劇情,連載,38873,561796,2021-09-01 09:22:36,"簡介：美女蛇嚮導與她的大狗狗哨兵
標籤：強強 女強 未來架空 異想天開 正劇 哨向",oneauthor.php?authorid=2388394,onebook.php?novelid=6031144
貓爪魚鱗,被渣後我嫁給了帝國皇帝哨向,原創-純愛-幻想未來-愛情,連載,11595,251902,2020-11-22 21:33:12,"簡介：我的玫瑰，我的慾望之火
標籤：正劇 哨向",oneauthor.php?authorid=3496552,onebook.php?novelid=5308822
紫色小宇,社畜嚮導,原創-純愛-幻想未來-科幻,連載,105824,610117,2023-08-20 21:54:14,"簡介：靈感來源自韓漫《B級嚮導》
標籤：強強 年下 異能 星際 正劇 哨向",oneauthor.php?authorid=5854407,onebook.php?novelid=8324907
藝藝的憶憶,被拋棄後廢物嚮導成了團寵,原創-純愛-幻想未來-劇情,暫停,109148,929824,2023-06-11 12:39:39,"簡介：假的，是團爹
標籤：強強 升級流 正劇 哨向",oneauthor.php?authorid=5662460,onebook.php?novelid=8091124
鈴醬,[三國哨向] 官渡之戰,衍生-純愛-架空歷史-東方衍生,連載,5497,778970,2020-05-10 18:45:42,"簡介：大魏專注搞事業。
標籤：正劇 哨向",oneauthor.php?authorid=358133,onebook.php?novelid=4822299
茶茶梅,穿越後我成了元帥夫人【哨向】,原創-純愛-幻想未來-愛情,連載,59400,664076,2023-05-26 20:29:29,"簡介：貓貓我啊，最喜歡狗狗了
標籤：強強 天作之合 穿越時空 爽文 輕鬆 哨向",oneauthor.php?authorid=5631758,onebook.php?novelid=8050819
蘇歸山,[偽哨向]大狼狗,原創-純愛-幻想未來-科幻,連載,79558,901965,2020-07-12 11:57:00,"簡介：年下獸化隊員攻x溫柔強大隊長受
標籤：強強 年下 異能 末世 正劇 哨向",oneauthor.php?authorid=3202594,onebook.php?novelid=4973523
鄭容歸,[哨向丨黑豹]刀鋒歸處,衍生-言情-幻想未來-西方衍生,連載,16653,853397,2022-10-08 01:00:45,"簡介：我的超能力是永遠忠誠於你
標籤：英美衍生 強強 西方羅曼 超級英雄 正劇 哨向",oneauthor.php?authorid=3462928,onebook.php?novelid=5338073
鹹魚亞多,[哨向]哈士奇的戀愛保衛戰,原創-言情-近代現代-科幻,連載,104672,1256085,2023-02-08 20:14:15,"簡介：養狗翻車實錄
標籤：強強 靈異神怪 天作之合 異能 正劇 哨向",oneauthor.php?authorid=5457714,onebook.php?novelid=7791059
月詠喬,竹馬是海王，但我原諒他,原創-純愛-幻想未來-科幻,連載,161399,5041723,2021-11-13 09:05:22,"簡介：一個脾氣不好的嚮導
標籤：年下 科幻 星際 未來架空 正劇 哨向",oneauthor.php?authorid=823872,onebook.php?novelid=6322297
葉硯之,【哨向】征服法則,原創-言情-幻想未來-劇情,連載,56193,646524,2023-01-09 06:59:40,"簡介：征服者，征服她的哨兵
標籤：破鏡重圓 異能 未來架空 正劇 哨向",oneauthor.php?authorid=4031918,onebook.php?novelid=7691595
祁含章,【赤安】（向哨）心獸|Herztier,衍生-純愛-幻想未來-輕小說,完結,6261,273905,2023-01-28 12:04:17,"簡介：我心中有隻野獸，為你蟄伏。
標籤：強強 幻想空間 相愛相殺 柯南 哨向",oneauthor.php?authorid=5167821,onebook.php?novelid=7753354
池鯉88,全球異變，二度封神,原創-純愛-幻想未來-劇情,連載,119010,1118659,2023-09-18 21:00:00,"簡介：夾縫裡的野草，仰望一朵盛放之花
標籤：強強 情有獨鍾 正劇 廢土 克蘇魯 哨向",oneauthor.php?authorid=5899374,onebook.php?novelid=8391135
酒味少年丸,半生你我[哨向],原創-純愛-幻想未來-科幻,完結,33274,962102,2022-07-27 21:30:05,"簡介：驚！心理學教授竟成最強哨兵！
標籤：科幻 破鏡重圓 星際 未來架空 輕鬆 哨向",oneauthor.php?authorid=2271881,onebook.php?novelid=7154650
迷途的貓,【寶百】國家分配物件,衍生-純愛-幻想未來-西方衍生,連載,7734,140214,2019-05-18 10:44:22,"簡介：
標籤：強強 年下 天作之合 正劇 哨向",oneauthor.php?authorid=2503364,onebook.php?novelid=4162674
火行玉,家門不幸（向哨）,原創-純愛-幻想未來-科幻,連載,34203,368596,2023-01-16 12:02:22,"簡介：他向我一瞥，帶來一場宿命的大火
標籤：強強 天作之合 天之驕子 輕鬆 哨向",oneauthor.php?authorid=5405175,onebook.php?novelid=7717176
嶼嶠,進化悖論[哨向],原創-純愛-幻想未來-劇情,連載,32003,425200,2021-02-21 19:00:48,"簡介：命運說你屬於我
標籤：情有獨鍾 天作之合 現代架空 懸疑推理 正劇 哨向",oneauthor.php?authorid=3700999,onebook.php?novelid=5540547
嘟嘟嘟嘟想學車,港劇天若有情同人晴天哨向,衍生-純愛-架空歷史-東方衍生,完結,50738,310181,2022-12-04 20:25:23,"簡介：港劇天若有情同人
標籤：強強 西幻 輕鬆 哨向",oneauthor.php?authorid=5302170,onebook.php?novelid=7572177
野豬桑Lois,反骨,原創-言情-幻想未來-科幻,連載,24321,336655,2020-02-28 22:30:13,"簡介：s級哨兵女主&s級哨兵男主
標籤：強強 科幻 未來架空 成長 正劇 哨向",oneauthor.php?authorid=2835105,onebook.php?novelid=4597058
Yiay,【哨向】S+哨兵的C級嚮導,原創-純愛-幻想未來-愛情,連載,95480,2538029,2023-06-26 12:00:13,"簡介：C級嚮導培養S+哨兵
標籤：年下 現代架空 穿書 哨向",oneauthor.php?authorid=1563096,onebook.php?novelid=8107855
珞冰,月亮和惡犬（向哨）,原創-言情-幻想未來-愛情,連載,57908,630891,2023-05-15 21:27:21,"簡介：比起你需要我，我更需要你
標籤：正劇 哨向",oneauthor.php?authorid=2685209,onebook.php?novelid=8025347
向雪寒,【哨向】嚮導想當普通人怎麼了,原創-純愛-幻想未來-劇情,連載,43017,437523,2023-08-06 23:40:09,"簡介：我只想當個普通人
標籤：強強 系統 成長 輕鬆 美強慘 哨向",oneauthor.php?authorid=5821539,onebook.php?novelid=8280234
Mineral7,十障·將與,原創-純愛-幻想未來-劇情,連載,172223,1100649,2021-07-07 13:15:58,"簡介：你的榮譽，我的戎嶼
標籤：正劇 哨向",oneauthor.php?authorid=2589973,onebook.php?novelid=5939315
予白空,在軍校聯賽上掉馬了,原創-言情-幻想未來-愛情,連載,10061,409484,2023-12-23 18:00:00,"簡介：萬人嫌秒變萬人迷
標籤：破鏡重圓 女強 星際 成長 正劇 哨向",oneauthor.php?authorid=5947337,onebook.php?novelid=8467364
哈嘍Z,嚮導[哨向],原創-純愛-幻想未來-愛情,連載,18358,898774,2019-07-14 20:03:17,"簡介：哨兵養成自己的專屬嚮導的故事
標籤：正劇 哨向",oneauthor.php?authorid=1689634,onebook.php?novelid=4259576
言初一,追光,評論,連載,1662,67796,2021-10-05 17:51:33,"簡介：陸光，你說句話啊~
標籤：直播 救贖 讀檔流 哨向",oneauthor.php?authorid=3441896,onebook.php?novelid=5928326
椰番蓮,海月浮漚[哨向],原創-純愛-幻想未來-愛情,連載,40303,912917,2023-11-24 16:50:00,"簡介：被藍環章魚賴上了
標籤：年下 幻想空間 異能 重生 克蘇魯 哨向",oneauthor.php?authorid=5987340,onebook.php?novelid=8518288
朽木碎羽,[家教]在雲端,衍生-純愛-近代現代-東方衍生,完結,21433,205420,2023-10-14 18:27:00,"簡介：你是我靈魂的最後一片拼圖
標籤：家教 強強 輕鬆 哨向",oneauthor.php?authorid=4718312,onebook.php?novelid=8357394
十尃宇,長冬如星（哨向）,原創-言情-幻想未來-科幻,連載,60795,549747,2023-10-09 16:54:32,"簡介：社恐陰暗爬行拯救世界
標籤：強強 末世 HE 哨向",oneauthor.php?authorid=5927720,onebook.php?novelid=8432407
顏以錚,[向哨]進擊吧！倉鼠君,原創-純愛-幻想未來-劇情,連載,21762,361729,2020-07-05 00:28:38,"簡介：嚮導轉生成身份是O的混血雄蟲
標籤：強強 靈魂轉換 前世今生 重生 輕鬆 哨向",oneauthor.php?authorid=1783650,onebook.php?novelid=4954256
櫻三,[火影/哨向]黃金,衍生-百合-幻想未來-其他衍生,連載,3806,124669,2022-12-27 13:14:00,"簡介：非正統哨向、衍生百合、劇情流、
標籤：火影 綜漫 快穿 成長 正劇 哨向",oneauthor.php?authorid=2086459,onebook.php?novelid=3472261
燈花又一宵,[策藏哨向]〇七七五,衍生-純愛-架空歷史-東方衍生,連載,20138,279235,2016-07-31 13:55:07,"簡介：策藏哨向架空
標籤：正劇 哨向",oneauthor.php?authorid=1754527,onebook.php?novelid=2870391
手工藝品家,暴風之眼[蟲族],原創-純愛-架空歷史-愛情,連載,6347,447694,2022-04-16 01:25:37,"簡介：狂熱的岩漿沒有聲響
標籤：血族 重生 星際 爽文 正劇 哨向",oneauthor.php?authorid=4541547,onebook.php?novelid=6774816
白橘子九,【五夏】請不要，親吻我（哨向、史密斯夫夫pa）,衍生-純愛-架空歷史-其他衍生,連載,15013,187456,2023-11-27 09:44:37,"簡介：他們永遠屬於對方，彼此鍾愛
標籤：強強 情有獨鍾 天作之合 甜文 咒回 哨向",oneauthor.php?authorid=5991595,onebook.php?novelid=8523992
要啥名字,嚮導？我試試吧,原創-無CP-幻想未來-劇情,連載,32683,361087,2023-07-20 21:03:11,"簡介：穿越到哨向世界
標籤：科幻 星際 正劇 哨向",oneauthor.php?authorid=5776429,onebook.php?novelid=8223544
殷栩,（衛非）本色（和親、哨向）,衍生-純愛-古色古香-其他衍生,連載,41931,677496,2021-04-29 22:15:10,"簡介：匈奴單于哨兵×中原和親嚮導
標籤：強強 情有獨鍾 陰差陽錯 古代幻想 正劇 哨向",oneauthor.php?authorid=3172532,onebook.php?novelid=5736630
星奇蹟之音,全職哨向葉黃標題是什麼我不知道,衍生-純愛-架空歷史-東方衍生,連載,2769,69239,2015-02-28 13:36:20,"簡介：全職葉黃哨向小甜文
標籤：正劇 哨向",oneauthor.php?authorid=905848,onebook.php?novelid=2398786
魚墨酒,今天小獅鷲撩動烏鴉先生了嗎,原創-純愛-幻想未來-奇幻,連載,5560,132802,2019-05-04 00:10:01,"簡介：如何與比你年長的性冷淡嚮導戀愛
標籤：強強 年下 天作之合 未來架空 正劇 哨向",oneauthor.php?authorid=2023303,onebook.php?novelid=4144612
以川不穿,向哨·適配巧合,原創-純愛-近代現代-愛情,連載,70829,384802,2019-08-14 16:46:38,"簡介：心機精英嚮導攻x騷包醫生哨兵受
標籤：強強 甜文 輕鬆 哨向",oneauthor.php?authorid=2611000,onebook.php?novelid=4309126
酸菜炒蘑菇,你看那隻雕梟它又沙又雕,原創-純愛-幻想未來-科幻,連載,22407,300482,2019-03-24 19:12:41,"簡介：一言蔽之，我把你當學生你卻想…
標籤：強強 星際 甜文 未來架空 輕鬆 哨向",oneauthor.php?authorid=2466743,onebook.php?novelid=4090369
幾弦,標記狂熱[哨向],原創-言情-幻想未來-科幻,連載,6126,73094,2023-06-23 02:38:40,"簡介：從荒星少女到帝國女皇
標籤：科幻 星際 正劇 哨向",oneauthor.php?authorid=3667466,onebook.php?novelid=8127637
wildsummer,【哨向gl】仰山雪,原創-百合-近代現代-劇情,連載,25223,242328,2023-07-27 23:08:19,"簡介：她融化的是千古仰山雪。
標籤：強強 異能 末世 哨向",oneauthor.php?authorid=5795667,onebook.php?novelid=8247361
筆墨落閒,黎明之前（琴哀哨向）,衍生-言情-近代現代-其他衍生,連載,3499,69077,2018-02-23 06:06:06,"簡介：雪莉嚮導×琴酒哨兵
標籤：情有獨鍾 因緣邂逅 正劇 哨向",oneauthor.php?authorid=2214631,onebook.php?novelid=3502844
黎明月歌,金烏生存指南,衍生-純愛-幻想未來-東方衍生,連載,893,50804,2018-07-05 01:12:31,"簡介：小金烏的異界生活
標籤：異世大陸 穿越時空 遊戲網遊 星際 輕鬆 哨向",oneauthor.php?authorid=2289910,onebook.php?novelid=3644415
龍果鱸魚,在哨向網遊中修樂譜我紅了,原創-純愛-幻想未來-愛情,連載,14938,361446,2023-04-21 18:00:00,"簡介：到底誰才是他找的那個哨兵啊
標籤：穿書 爽文 萌寵 輕鬆 全息 哨向",oneauthor.php?authorid=2656449,onebook.php?novelid=7865522
巖莫求魚,簡諧運動,原創-純愛-幻想未來-愛情,連載,15506,279060,2016-02-03 09:30:00,"簡介：羈絆相向利益相悖的哨兵與嚮導
標籤：強強 陰差陽錯 異世大陸 星際 正劇 哨向",oneauthor.php?authorid=1735901,onebook.php?novelid=2672075
絕版貓,親一下，就好了（類哨向）,原創-純愛-幻想未來-愛情,連載,34733,416065,2019-09-13 23:42:30,"簡介：撿到瘋狗變老攻（類哨向）
標籤：強強 年下 體育競技 未來架空 正劇 哨向",oneauthor.php?authorid=2641013,onebook.php?novelid=4351954
鐸客行,維基〈向哨〉,原創-言情-幻想未來-科幻,連載,42367,421967,2023-06-14 00:46:00,"簡介：黑暗系嚮導和她的萌酷大蟲
標籤：強強 未來架空 成長 正劇 哨向",oneauthor.php?authorid=5669049,onebook.php?novelid=8098340
子書不語,[哨向]烏合之眾,原創-純愛-幻想未來-科幻,連載,19268,260891,2019-02-23 01:16:03,"簡介：出來混的總是要還的
標籤：強強 年下 機甲 未來架空 正劇 哨向",oneauthor.php?authorid=2444022,onebook.php?novelid=4045731
那天就變成海螺了,兩個哨兵怎麼談戀愛,原創-純愛-幻想未來-愛情,連載,44729,569582,2020-09-14 14:11:42,"簡介：兩個哨兵談情說愛攻略手冊，HE
標籤：強強 年下 科幻 星際 正劇 哨向",oneauthor.php?authorid=3372079,onebook.php?novelid=5172045
芝士魚丸餅,[哨向]觸手可及,原創-言情-幻想未來-愛情,連載,14627,167801,2021-12-07 20:28:21,"簡介：乾飯人只想回家
標籤：幻想空間 穿越時空 星際 輕鬆 哨向",oneauthor.php?authorid=4386542,onebook.php?novelid=6376840
梁琰,K莫Inclusive of your world（哨向AU）,衍生-純愛-近代現代-東方衍生,連載,9319,163806,2016-12-13 23:22:59,"簡介：強者之間的愛情碰撞，毫不扭捏，只是向前
標籤：魔幻 異世大陸 正劇 哨向",oneauthor.php?authorid=1943344,onebook.php?novelid=3020694
緣方獸,我靠氪金在哨向世界開動物園,原創-純愛-幻想未來-愛情,連載,10122,142668,2022-09-20 19:32:38,"簡介：勇敢貓貓不怕困難！
標籤：系統 甜文 萌寵 基建 輕鬆 哨向",oneauthor.php?authorid=5148543,onebook.php?novelid=7368634
子繇,離岸流［哨向］,原創-純愛-幻想未來-科幻,連載,60834,597345,2023-06-25 20:00:00,"簡介：為過去和未來尋一條出路。
標籤：強強 科幻 天作之合 未來架空 正劇 哨向",oneauthor.php?authorid=5701734,onebook.php?novelid=8136212
楚佔月,哨兵反攻手冊（星際）,原創-純愛-幻想未來-愛情,連載,34167,319465,2018-02-12 14:18:09,"簡介：818向哨夫夫詭異的羅曼蒂克史
標籤：正劇 哨向",oneauthor.php?authorid=2208165,onebook.php?novelid=3491506
墨紫殺無,向陽花開之下,衍生-純愛-近代現代-東方衍生,連載,21458,293827,2019-09-17 07:57:42,"簡介：末世裡輕鬆求生的故事
標籤：強強 靈異神怪 隨身空間 正劇 哨向",oneauthor.php?authorid=2643830,onebook.php?novelid=4356006
calls,記維列斯,原創-純愛-幻想未來-愛情,完結,46970,471461,2022-08-06 06:37:00,"簡介：真愛
標籤：虐文 邊緣戀歌 哨向",oneauthor.php?authorid=3473731,onebook.php?novelid=7076423
是龜龜噠,【哨向】親親抱抱求標記,原創-純愛-幻想未來-劇情,連載,28663,293947,2021-11-06 01:39:48,"簡介：七年之癢已過，恭請老婆大人標記
標籤：強強 年下 異能 大冒險 正劇 哨向",oneauthor.php?authorid=3808654,onebook.php?novelid=6308848
Kawasumi,何處臨淵,原創-百合-幻想未來-科幻,連載,4427,89338,2021-02-25 13:14:13,"簡介：人類文明終將被星際吞沒
標籤：科幻 星際 未來架空 輕鬆 哨向",oneauthor.php?authorid=3622067,onebook.php?novelid=5548289
青青橘郡,星際之炮灰終於活到了大結局,原創-純愛-幻想未來-愛情,連載,20109,179787,2022-10-21 00:58:13,"簡介：體驗星際生活改變炮灰命運
標籤：情有獨鍾 星際 甜文 穿書 輕鬆 哨向",oneauthor.php?authorid=3697430,onebook.php?novelid=7456696
元末yuanmo,我的精神體跟人私奔了,原創-純愛-幻想未來-愛情,連載,1462,49644,2020-05-31 11:28:00,"簡介：求助，精神體丟了怎麼辦？
標籤：強強 年下 幻想空間 甜文 輕鬆 哨向",oneauthor.php?authorid=3043909,onebook.php?novelid=4837329
江城元氣,囚於深澤,原創-純愛-幻想未來-愛情,連載,18013,201582,2018-03-18 17:16:40,"簡介：哨兵嚮導一起打蟲子
標籤：科幻 情有獨鍾 未來架空 正劇 哨向",oneauthor.php?authorid=960276,onebook.php?novelid=3528776
晴峰筆鶴A,在向哨世界美美升級,原創-純愛-幻想未來-奇幻,連載,4173,104894,2023-03-15 14:08:09,"簡介：無
標籤：輕鬆 哨向",oneauthor.php?authorid=4947978,onebook.php?novelid=7883329
泥啾,不要揪我葉子【哨向】,原創-純愛-幻想未來-愛情,連載,2202,52559,2022-05-19 08:47:54,"簡介：揪禿了你賠不起
標籤：強強 情有獨鍾 星際 輕鬆 哨向",oneauthor.php?authorid=4778983,onebook.php?novelid=6894057
奶糖敲可愛,哨向輕狂,原創-純愛-幻想未來-劇情,連載,14432,104436,2023-06-29 16:33:00,"簡介：兩個少年不斷成長
標籤：強強 體育競技 異能 相愛相殺 正劇 哨向",oneauthor.php?authorid=5711724,onebook.php?novelid=8148224
白船夜河,狂犬與合金狗繩[哨向],原創-純愛-幻想未來-愛情,連載,23767,291292,2021-01-23 23:42:14,"簡介：是誰牽著我，我又牽著誰？
標籤：強強 年下 制服情緣 正劇 哨向",oneauthor.php?authorid=3036416,onebook.php?novelid=5445270
鯨中舟,來臨（向哨）,原創-純愛-近代現代-愛情,連載,3236,58658,2020-02-10 21:49:45,"簡介：看向導的重塑過程
標籤：情有獨鍾 天作之合 未來架空 成長 正劇 哨向",oneauthor.php?authorid=2790285,onebook.php?novelid=4545222
無舟客,第一哨向單兵,原創-純愛-幻想未來-科幻,暫停,12604,93083,2023-05-26 20:50:23,"簡介：我物件身份竟然那麼牛X！
標籤：強強 星際 未來架空 哨向",oneauthor.php?authorid=5631775,onebook.php?novelid=8050873
亭榭陸,永無日之都,原創-純愛-幻想未來-奇幻,連載,32994,317583,2023-01-26 00:00:36,"簡介：當神秘不再未知
標籤：強強 幻想空間 末世 正劇 哨向",oneauthor.php?authorid=5387087,onebook.php?novelid=7745269
三重二尖瓣,【哨向】小毛驢,原創-純愛-幻想未來-愛情,完結,4115,47123,2019-01-28 19:32:11,"簡介：淡漠腹黑哨兵VS忽悠大王嚮導
標籤：年下 布衣生活 異能 甜文 輕鬆 哨向",oneauthor.php?authorid=2426630,onebook.php?novelid=4012324
張亂差,【哨向】雙向奔赴,衍生-純愛-幻想未來-其他衍生,暫停,3856,47652,2022-08-15 20:06:41,"簡介：和頂級哨兵談個戀愛順便搞垮汪家
標籤：甜文 現代架空 成長 輕鬆 哨向",oneauthor.php?authorid=4996281,onebook.php?novelid=7174341
懶散的貓喵嗚,我要和你做兄弟同人文之我才不要當嚮導,衍生-純愛-幻想未來-其他衍生,連載,10112,178554,2022-03-12 10:38:45,"簡介：不像嚮導的嚮導與不像哨兵的哨兵
標籤：強強 天作之合 未來架空 成長 輕鬆 哨向",oneauthor.php?authorid=4582291,onebook.php?novelid=6645189
素和墨書,[哨向]極寒之族,原創-純愛-幻想未來-科幻,連載,5840,81779,2017-10-10 13:53:00,"簡介：這是個貓抓鳥的故事
標籤：強強 情有獨鍾 機甲 星際 輕鬆 哨向",oneauthor.php?authorid=808131,onebook.php?novelid=3355331
進度一,[向哨]重生後掉入奇妙世界,原創-純愛-幻想未來-愛情,連載,16569,177069,2023-03-08 17:17:59,"簡介：物件搞事業的時候我走了戀愛線
標籤：正劇 哨向",oneauthor.php?authorid=5506884,onebook.php?novelid=7866330
十五刀,[全職高手]哨向之冷韁,衍生-純愛-近代現代-東方衍生,連載,17105,276213,2018-07-20 15:47:21,"簡介：HE有虐有甜，喻吹黃吹。
標籤：強強 幻想空間 情有獨鍾 異能 正劇 哨向",oneauthor.php?authorid=2302253,onebook.php?novelid=3668789
雅尚WSYT,abo哨向等題材文推薦,衍生-無CP-幻想未來-其他衍生,連載,2935,42691,2022-08-02 11:47:45,"簡介：記錄分享
標籤：ABO 輕鬆 哨向",oneauthor.php?authorid=4629725,onebook.php?novelid=7180543
稚於酒,【向哨】救贖還是有病？,原創-純愛-幻想未來-愛情,連載,6770,87040,2021-07-14 16:04:10,"簡介：我們就是有病。
標籤：強強 天作之合 機甲 星際 輕鬆 哨向",oneauthor.php?authorid=4084013,onebook.php?novelid=5966816
傍湖品月,誰不會死,原創-純愛-幻想未來-驚悚,連載,22729,236799,2023-07-19 11:30:00,"簡介：明堂，誰不會死？
標籤：年下 正劇 反套路 哨向",oneauthor.php?authorid=5770809,onebook.php?novelid=8217813
殺意成詩,【哨向】吸引,原創-純愛-幻想未來-科幻,連載,6341,65721,2022-07-30 19:34:27,"簡介：攻是重生，受是沉睡很多年後甦醒
標籤：強強 情有獨鍾 破鏡重圓 重生 輕鬆 哨向",oneauthor.php?authorid=3027441,onebook.php?novelid=7168115
戈寂墨,治癒系聖子只想躺平(哨向),原創-純愛-幻想未來-科幻,連載,11740,133015,2022-08-18 19:30:00,"簡介：抱走崽兒，啾咪～
標籤：幻想空間 星際 西幻 成長 正劇 哨向",oneauthor.php?authorid=5023291,onebook.php?novelid=7214566
長卿是水瓶,他慫得只敢多吃一碗（ABO),原創-純愛-幻想未來-愛情,連載,17490,188182,2020-10-26 21:09:30,"簡介：戀愛？不！我膽兒小（一浪就死）
標籤：遊戲網遊 星際 甜文 校園 輕鬆 哨向",oneauthor.php?authorid=1879127,onebook.php?novelid=5257556
以木成林,黑暗哨兵,原創-純愛-幻想未來-科幻,連載,21853,312119,2020-07-14 16:17:45,"簡介：我是黑暗哨兵？
標籤：星際 輕鬆 哨向",oneauthor.php?authorid=3212040,onebook.php?novelid=4983706
作者,作品,型別,進度,字數,作品積分,發表時間
懷民不起,我的嚮導他只想拿我搞科研,原創-純愛-幻想未來-劇情,連載,41494,256079,2023-12-20 20:46:57,"簡介：點選就看瘋批嚮導改造末流哨兵
標籤：強強 幻想空間 天作之合 甜文 異想天開 哨向",oneauthor.php?authorid=6023414,onebook.php?novelid=8570067
林立木,你的精神體真可愛,原創-純愛-幻想未來-劇情,連載,32317,259059,2023-11-08 20:45:08,"簡介：這是什麼？小熊貓，rua一下!
標籤：靈魂轉換 邊緣戀歌 正劇 HE 哨向",oneauthor.php?authorid=5965778,onebook.php?novelid=8488939
昭昭青華,我的精神體愛撒嬌（哨向）,原創-無CP-幻想未來-科幻,連載,3017,55019,2023-02-07 01:43:46,"簡介：我的精神體是萬人迷
標籤：系統 升級流 正劇 哨向",oneauthor.php?authorid=5454758,onebook.php?novelid=7787522
匪媒不得,精分嚮導和純惡哨兵的愛情故事,原創-純愛-幻想未來-奇幻,連載,23630,185312,2023-11-07 01:17:28,"簡介：神經病不可能有那麼高階的感情！
標籤：強強 相愛相殺 廢土 美強慘 哨向",oneauthor.php?authorid=5956343,onebook.php?novelid=8486941
東溪閣,［哨向］被鳳凰碰瓷是什麼經歷,原創-純愛-幻想未來-科幻,連載,2206,46399,2021-07-22 23:59:05,"簡介：年下夫夫雙向奔赴，攜手披荊斬棘
標籤：強強 幻想空間 情有獨鍾 成長 正劇 哨向",oneauthor.php?authorid=4109442,onebook.php?novelid=6000692
逆水行貓,（哨向）重生之媒介人,原創-純愛-幻想未來-愛情,連載,1362,41674,2017-07-19 20:28:21,"簡介：哨兵嚮導設定，有私設，哨X向
標籤：幻想空間 前世今生 異能 現代架空 輕鬆 哨向",oneauthor.php?authorid=2079767,onebook.php?novelid=3270449
南燕不歸,微光,原創-純愛-幻想未來-愛情,連載,10042,131157,2017-01-22 00:27:15,"簡介：你是指引我前進的光
標籤：強強 宮廷侯爵 星際 未來架空 正劇 哨向",oneauthor.php?authorid=1966034,onebook.php?novelid=3063712
泠千夙,創世神拯救哨兵嚮導世界,原創-純愛-幻想未來-愛情,連載,47981,447595,2022-06-11 10:25:11,"簡介：哨兵嚮導
標籤：強強 因緣邂逅 前世今生 異能 正劇 哨向",oneauthor.php?authorid=4829103,onebook.php?novelid=6960543
露色,我真的不想做救世主啊[哨向],原創-純愛-幻想未來-劇情,連載,18830,199589,2022-06-02 00:22:24,"簡介：社畜嚮導拯救世界（誤
標籤：強強 天作之合 爽文 都市異聞 正劇 哨向",oneauthor.php?authorid=4810540,onebook.php?novelid=6934738
三木成森tree,齒輪[哨向],原創-純愛-幻想未來-奇幻,連載,24355,228427,2022-08-25 20:00:06,"簡介：遇到前男友，我該怎麼辦？
標籤：強強 年下 破鏡重圓 輕鬆 哨向",oneauthor.php?authorid=4557751,onebook.php?novelid=7138052
Arw,1511 蛛網,衍生-純愛-近代現代-東方衍生,連載,14329,170471,2017-06-09 19:33:58,"簡介：蜘蛛在黑暗中無聲無息的織起了網
標籤：異能 懸疑推理 正劇 哨向",oneauthor.php?authorid=2042085,onebook.php?novelid=3214704
隱於山間,鞘與利劍 [哨向],原創-純愛-幻想未來-劇情,連載,39639,256117,2023-06-15 15:01:13,"簡介：最強哨兵的救贖之路
標籤：強強 異能 未來架空 史詩奇幻 正劇 哨向",oneauthor.php?authorid=5673181,onebook.php?novelid=8103587
燕麥獨角獸,日暮裡[哨向],原創-純愛-幻想未來-愛情,連載,40951,476371,2021-09-15 19:00:00,"簡介：末日哨向
標籤：強強 天作之合 天之驕子 未來架空 正劇 哨向",oneauthor.php?authorid=3647403,onebook.php?novelid=6186196
撫滿,你們倒是醒醒啊（哨向）,原創-純愛-幻想未來-奇幻,連載,23543,260703,2020-11-17 22:30:00,"簡介：兩個大佬搞物件
標籤：強強 幻想空間 靈異神怪 天作之合 正劇 哨向",oneauthor.php?authorid=3476284,onebook.php?novelid=5286829
一份南煎丸子,哨向,原創-純愛-幻想未來-劇情,連載,6290,89635,2022-05-09 16:24:22,"簡介：你不是想要我嗎，小朋友？
標籤：年下 幻想空間 未來架空 成長 輕鬆 哨向",oneauthor.php?authorid=4431262,onebook.php?novelid=6862948
彼得兔兔頭,摩涅莫緒涅,原創-純愛-幻想未來-愛情,完結,18180,181741,2023-03-01 00:22:46,"簡介：這是一段灰暗的往事
標籤：異想天開 悲劇 哨向",oneauthor.php?authorid=5494407,onebook.php?novelid=7847141
櫻鈴羽,門當戶對（哨向）,原創-百合-幻想未來-劇情,連載,8624,111764,2022-04-13 00:24:12,"簡介：我不會離開你了。
標籤：強強 天作之合 成長 輕鬆 哨向",oneauthor.php?authorid=2061837,onebook.php?novelid=6764704
琛不過,不能相信他,原創-純愛-幻想未來-科幻,連載,4677,49451,2020-04-06 14:46:29,"簡介：簡單來說是小受被小攻套路回家
標籤：機甲 輕鬆 哨向",oneauthor.php?authorid=2998603,onebook.php?novelid=4720545
貓科動物飼養園,[哨向]紅塔,原創-純愛-幻想未來-劇情,連載,14884,184971,2020-09-06 13:05:55,"簡介：天降真愛救救被pua的最強哨兵
標籤：強強 天作之合 異能 未來架空 正劇 哨向",oneauthor.php?authorid=3361647,onebook.php?novelid=5154873
凡飛子,論正確套路冰山師叔攏共分幾步,原創-純愛-架空歷史-劇情,連載,10768,155588,2020-12-17 21:33:20,"簡介：情到刻骨，原來如此
標籤：強強 靈異神怪 懸疑推理 古代幻想 輕鬆 哨向",oneauthor.php?authorid=3533334,onebook.php?novelid=5357229
萋萋原上草,我在星際給上將當職業替身[哨向],原創-純愛-幻想未來-劇情,連載,12475,148038,2022-04-27 15:15:13,"簡介：我成了我自己的替身？
標籤：年下 情有獨鍾 機甲 星際 正劇 哨向",oneauthor.php?authorid=4680621,onebook.php?novelid=6815850
洛無江,獨行者,原創-純愛-幻想未來-科幻,連載,5947,83007,2019-03-28 19:55:32,"簡介：竹馬戰天降，哨向發糖愛情
標籤：正劇 哨向",oneauthor.php?authorid=2387502,onebook.php?novelid=4095353
神戳戳,哨向：天生愛人,原創-純愛-幻想未來-愛情,連載,37044,369105,2023-02-24 23:23:34,"簡介：我和你最天生一對。
標籤：強強 情有獨鍾 天作之合 未來架空 正劇 哨向",oneauthor.php?authorid=5486956,onebook.php?novelid=7836112
星辰月華,狼王哨兵的末世追妻路,原創-純愛-幻想未來-愛情,連載,28380,258972,2023-08-13 14:45:00,"簡介：瘋批但善隱藏哨兵攻×清冷嚮導受
標籤：強強 情有獨鍾 近水樓臺 異能 末世 哨向",oneauthor.php?authorid=4694085,onebook.php?novelid=8299167
茉莉蜜梨,［哨向］無法有能量獸的兩人,原創-純愛-幻想未來-劇情,完結,965,32534,2023-09-12 23:15:38,"簡介：叛出命運我將看到廣闊的未來時代
標籤：情有獨鍾 天作之合 婚戀 爽文 熱血 哨向",oneauthor.php?authorid=5569857,onebook.php?novelid=8377311
香香w,安琛（哨向/向哨）,原創-言情-幻想未來-愛情,連載,6300,78852,2021-09-08 22:39:33,"簡介：嚮導與哨兵的雙向救贖
標籤：強強 天作之合 甜文 正劇 哨向",oneauthor.php?authorid=4238583,onebook.php?novelid=6180251
二噁英,你又失憶了？[哨向],原創-純愛-近代現代-科幻,連載,11195,128331,2021-01-25 22:36:22,"簡介：我想和你談戀愛
標籤：強強 幻想空間 情有獨鍾 甜文 輕鬆 哨向",oneauthor.php?authorid=3622306,onebook.php?novelid=5451716
三重二尖瓣,【哨向】拔蘿蔔,原創-純愛-幻想未來-科幻,連載,1200,32728,2019-03-17 23:45:44,"簡介：淡漠腹黑哨兵VS忽悠大王嚮導
標籤：強強 年下 甜文 輕鬆 哨向",oneauthor.php?authorid=2426630,onebook.php?novelid=4079756
瀾均,榮光,原創-純愛-幻想未來-愛情,連載,16372,167744,2015-07-10 21:00:28,"簡介：哨兵嚮導設定下的戰爭小文
標籤：強強 情有獨鍾 陰差陽錯 現代架空 正劇 哨向",oneauthor.php?authorid=1617847,onebook.php?novelid=2501465
皎夜光,瘋批假千金怎麼還沒作死成功（哨向）,原創-言情-幻想未來-愛情,連載,10311,316815,2023-07-23 21:34:20,"簡介：和狗系統爆了
標籤：強強 情有獨鍾 異能 甜文 真假千金 哨向",oneauthor.php?authorid=5722915,onebook.php?novelid=8233538
何不日鼓瑟,向哨   不可謂,原創-純愛-架空歷史-劇情,連載,7780,54347,2022-06-29 15:48:18,"簡介：大丈夫知何可為，何可不為。
標籤：年下 甜文 正劇 哨向",oneauthor.php?authorid=2705400,onebook.php?novelid=7030626
核顯,我們邊境[哨向],原創-言情-幻想未來-科幻,連載,2412,35599,2023-01-02 18:55:46,"簡介：黑暗哨兵真難當
標籤：正劇 哨向",oneauthor.php?authorid=4527045,onebook.php?novelid=7669089
一顆藍葡萄,【哨向】共享嚮導,原創-純愛-幻想未來-科幻,連載,6037,83440,2023-05-03 20:03:38,"簡介：哨向萬人迷屬性
標籤：清穿 異能 系統 輕鬆 哨向",oneauthor.php?authorid=5590515,onebook.php?novelid=7997885
長冉,將破黎明[哨向],原創-純愛-幻想未來-愛情,連載,12635,130974,2021-02-19 02:37:13,"簡介：歡迎來到人的時代。
標籤：強強 破鏡重圓 未來架空 正劇 哨向",oneauthor.php?authorid=3689883,onebook.php?novelid=5532367
想吃雞腿的貓貓頭,請你放下我的尾巴,原創-言情-架空歷史-愛情,連載,8404,55270,2019-07-31 02:19:04,"簡介：黑涼是凜星的唯一，無可反駁
標籤：強強 年下 魔幻 情有獨鍾 輕鬆 哨向",oneauthor.php?authorid=2592465,onebook.php?novelid=4281889
慕梓啊,不言而瑜,原創-百合-幻想未來-愛情,連載,10092,83345,2023-08-08 12:25:14,"簡介：緬因貓與德牧犬的相愛相鯊。
標籤：年下 未來架空 暗戀 哨向",oneauthor.php?authorid=5824844,onebook.php?novelid=8285047
阿爾吉農的花生米,我不是真菜，你是真狗,原創-純愛-幻想未來-奇幻,連載,10676,103372,2023-09-29 18:01:07,"簡介：戲精瘋狗哨兵X佛系創傷嚮導
標籤：天之驕子 異能 成長 美強慘 忠犬 哨向",oneauthor.php?authorid=5913410,onebook.php?novelid=8412939
Z1pcode,向哨的二律背反,原創-純愛-幻想未來-劇情,暫停,32384,235845,2023-12-11 17:49:18,"簡介：但願我們都能尋得救贖之道。
標籤：強強 年下 幻想空間 異能 正劇 哨向",oneauthor.php?authorid=6011685,onebook.php?novelid=8552666
霖梓汐妹妹,【哨向】穆京學霸哉,原創-純愛-近代現代-愛情,連載,6841,92373,2021-03-24 13:14:38,"簡介：我最討厭的人竟然成了我的命中劫
標籤：年下 異能 相愛相殺 穿書 正劇 哨向",oneauthor.php?authorid=3752105,onebook.php?novelid=5590803
昨日溺行,咎鳥,原創-純愛-幻想未來-懸疑,連載,6370,64557,2023-08-22 00:58:00,"簡介：你才是我的明天，我的太陽。
標籤：強強 驚悚 無限流 規則怪談 哨向",oneauthor.php?authorid=3494315,onebook.php?novelid=8328431
昔川,人間,衍生-純愛-幻想未來-東方衍生,連載,6793,132335,2018-09-22 16:45:53,"簡介：一起看瓶邪二人如何解謎
標籤：強強 科幻 正劇 哨向",oneauthor.php?authorid=2345774,onebook.php?novelid=3873406
流牙,星海行舟,原創-純愛-架空歷史-愛情,連載,4771,167383,2018-04-17 15:42:17,"簡介：古代背景哨向設定，自產糧
標籤：天作之合 正劇 哨向",oneauthor.php?authorid=163819,onebook.php?novelid=3560671
青桐客,淨化[向哨],原創-言情-幻想未來-科幻,連載,16929,97032,2023-12-24 15:22:28,"簡介：怪物嚮導遇上狼犬哨兵
標籤：科幻 腦洞 廢土 救贖 群像 哨向",oneauthor.php?authorid=6026844,onebook.php?novelid=8577262
秋露冬寒,難落墨,原創-純愛-幻想未來-愛情,連載,195347,1773558,2023-08-14 16:00:00,"簡介：遵守諾言之人，終為難以落墨之名
標籤：強強 陰差陽錯 甜文 BE 哨向",oneauthor.php?authorid=5839282,onebook.php?novelid=8304608
同分異構體n號,鹹魚嚮導和他的癲佬哨兵,原創-純愛-幻想未來-愛情,連載,10369,85050,2023-12-03 22:36:50,"簡介：兩個癲佬的愛情故事
標籤：年下 科幻 情有獨鍾 正劇 熱血 哨向",oneauthor.php?authorid=5998702,onebook.php?novelid=8534820
生鹼鹽,[哨向]竹馬我呀是真的會生氣,原創-純愛-幻想未來-愛情,連載,35048,263602,2023-01-31 21:06:44,"簡介：擁抱生活
標籤：情有獨鍾 天作之合 青梅竹馬 基建 輕鬆 哨向",oneauthor.php?authorid=4488483,onebook.php?novelid=7766109
詩歌事故,向哨 | 正確or錯誤暗戀指南,原創-言情-幻想未來-奇幻,連載,15588,101344,2023-12-12 01:09:44,"簡介：和暗戀五年的嚮導意外配對了
標籤：強強 未來架空 正劇 腦洞 HE 哨向",oneauthor.php?authorid=6012340,onebook.php?novelid=8553588
德倫薩的海,國家分配了只金毛,原創-純愛-幻想未來-科幻,連載,17920,116179,2023-10-18 14:50:00,"簡介：一篇組隊打怪磨合升溫文
標籤：強強 科幻 日常 群像 哨向",oneauthor.php?authorid=5938207,onebook.php?novelid=8447907
花川源,論擁有一切的他（哨向）,原創-純愛-幻想未來-科幻,連載,12075,150895,2021-09-10 11:44:00,"簡介：烏鴉配黑貓，黑上加黑
標籤：強強 歡喜冤家 異能 末世 正劇 哨向",oneauthor.php?authorid=2388394,onebook.php?novelid=6085962
金般若妍,當我無情無義之後,原創-純愛-幻想未來-奇幻,連載,4505,50314,2023-08-03 22:02:00,"簡介：一位少年與命運抗爭的半輩子
標籤：異世大陸 復仇虐渣 美強慘 哨向",oneauthor.php?authorid=5814019,onebook.php?novelid=8270599
欞棺,雪地伴侶（哨向）,原創-純愛-幻想未來-奇幻,連載,17743,212772,2021-08-01 10:00:30,"簡介：攻是鎮定劑
標籤：強強 情有獨鍾 相愛相殺 未來架空 輕鬆 哨向",oneauthor.php?authorid=2399184,onebook.php?novelid=4098895
三無指南針,哨向之你看這個小燒餅她,原創-言情-幻想未來-愛情,連載,14178,131692,2022-12-28 19:49:46,"簡介：你看這個小燒餅她又瘋又苟
標籤：幻想空間 輕鬆 哨向",oneauthor.php?authorid=5148321,onebook.php?novelid=7653154
鄔木雀,越化論（哨向）,原創-無CP-幻想未來-奇幻,連載,151,25405,2022-08-23 16:50:27,"簡介：雪豹&黃金蟒哨向特工類
標籤：強強 因緣邂逅 異能 未來架空 正劇 哨向",oneauthor.php?authorid=2122877,onebook.php?novelid=7275840
陸遠山,沉沒,原創-百合-幻想未來-愛情,連載,3361,42946,2022-07-06 11:41:36,"簡介：我不能打但我向導賊能打
標籤：未來架空 輕鬆 哨向",oneauthor.php?authorid=2846353,onebook.php?novelid=7012906
楚雪鹿,歿涅,原創-百合-幻想未來-愛情,暫停,2590,47201,2023-01-04 20:28:33,"簡介：我很幸運，遇見了你
標籤：強強 情有獨鍾 異能 正劇 哨向",oneauthor.php?authorid=4069829,onebook.php?novelid=7442560
生菜教授,小狼養成手冊,原創-純愛-幻想未來-愛情,連載,20505,223017,2022-09-21 16:35:00,"簡介：快跟老師學習如何養小狼吧～
標籤：輕鬆 哨向",oneauthor.php?authorid=5147870,onebook.php?novelid=7367740
廢獅一個o,林中月,原創-百合-幻想未來-奇幻,連載,5875,70805,2023-08-26 20:45:27,"簡介：貓科與犬科的故事
標籤：年下 HE 失憶 哨向",oneauthor.php?authorid=5865960,onebook.php?novelid=8341435
晨曦sunday,頂級嚮導的救贖訓導,原創-純愛-幻想未來-愛情,連載,23543,78307,2023-12-27 20:57:24,"簡介：他是聯邦的瑰寶，他的前途無可限
標籤：情有獨鍾 天作之合 星際 馬甲文 萬人迷 哨向",oneauthor.php?authorid=6032316,onebook.php?novelid=8583330
鹹菜君,（向哨）莫名的兔子,原創-純愛-幻想未來-科幻,連載,423,24964,2018-10-18 18:00:00,"簡介：第一次，大家開心就好
標籤：科幻 情有獨鍾 天作之合 輕鬆 哨向",oneauthor.php?authorid=2291156,onebook.php?novelid=3646483
Sociopath,你可別裝了,原創-純愛-架空歷史-愛情,連載,2581,64086,2019-08-06 17:10:48,"簡介：葉立言你繼續裝吧你就
標籤：近水樓臺 異能 現代架空 西幻 正劇 哨向",oneauthor.php?authorid=2588892,onebook.php?novelid=4295083
紫與椰椰,哨向契約,原創-純愛-近代現代-劇情,連載,97523,935194,2023-06-22 12:54:00,"簡介：乖張哨兵攻×清澈嚮導受
標籤：異能 現代架空 多重人格 哨向",oneauthor.php?authorid=5691609,onebook.php?novelid=8125104
水豚他媽,末日防詐指南,原創-純愛-幻想未來-奇幻,連載,60073,464986,2023-09-21 22:00:02,"簡介：末日哨向，花式反詐騙現場
標籤：強強 邊緣戀歌 末世 熱血 廢土 哨向",oneauthor.php?authorid=5898704,onebook.php?novelid=8397788
楓齡禾澤裡,沙漠裡的魚[哨向],原創-純愛-近代現代-劇情,連載,5584,72181,2022-01-27 12:59:58,"簡介：哨向們快樂的訓練日常
標籤：強強 天作之合 正劇 哨向",oneauthor.php?authorid=4426052,onebook.php?novelid=6508725
落塵籠,（哨向）哥哥再愛我一次,原創-純愛-幻想未來-愛情,連載,2071,43503,2019-04-17 14:31:31,"簡介：哨向
標籤：青梅竹馬 甜文 輕鬆 哨向",oneauthor.php?authorid=2483235,onebook.php?novelid=4122773
卓案舒,哨向之遇光,原創-言情-幻想未來-愛情,連載,4861,66658,2018-11-05 12:18:20,"簡介：一個相互傷害，又相互救贖的故事
標籤：星際 正劇 哨向",oneauthor.php?authorid=2069426,onebook.php?novelid=3918589
越安,父愁者聯萌,衍生-純愛-近代現代-西方衍生,連載,3031,60593,2019-12-04 23:36:56,"簡介：當哨向的娃在超級英雄的世界長大
標籤：英美衍生 輕鬆 哨向",oneauthor.php?authorid=2707985,onebook.php?novelid=4444639
唐簇,待拂曉,原創-純愛-幻想未來-科幻,連載,5571,78612,2018-04-14 12:45:30,"簡介：路西法，你的原罪是傲慢。
標籤：情有獨鍾 天之驕子 星際 正劇 哨向",oneauthor.php?authorid=2075250,onebook.php?novelid=3557173
海末,白塔記事,原創-純愛-近代現代-劇情,連載,13557,107495,2023-05-27 01:47:31,"簡介：盛晴雲誤入了一個光怪陸離的世界
標籤：現代架空 正劇 哨向",oneauthor.php?authorid=5550399,onebook.php?novelid=8051771
粽子愛吃甜的,寒窗欲曉時[哨向],原創-言情-幻想未來-劇情,連載,2423,37832,2023-08-09 15:50:13,"簡介：雪豹的尾巴才不給你摸！
標籤：強強 星際 甜文 未來架空 哨向",oneauthor.php?authorid=5827832,onebook.php?novelid=8289222
汪毛球,雲雀與婚戒,原創-純愛-幻想未來-愛情,連載,23497,249803,2022-05-22 00:59:47,"簡介：小云雀與大郊狼的愛情故事
標籤：豪門世家 情有獨鍾 甜文 現代架空 輕鬆 哨向",oneauthor.php?authorid=2206390,onebook.php?novelid=6900207
荻若,秘密情人（哨向）,原創-純愛-幻想未來-愛情,連載,13669,410687,2023-03-26 16:46:04,"簡介：我是你的秘密情人
標籤：強強 近水樓臺 陰差陽錯 輕鬆 哨向",oneauthor.php?authorid=2141533,onebook.php?novelid=7910059
時間剛剛好,請問你缺男朋友嗎,原創-純愛-幻想未來-愛情,連載,18206,202376,2022-02-28 00:25:39,"簡介：直男攻略計劃
標籤：強強 情有獨鍾 星際 未來架空 輕鬆 哨向",oneauthor.php?authorid=4558886,onebook.php?novelid=6611522
瞎掉的導航鯨,感情過敏的膽小蛇,原創-純愛-幻想未來-科幻,連載,31553,214697,2023-12-01 13:00:00,"簡介：壞訊息是，他們依舊相愛
標籤：強強 破鏡重圓 相愛相殺 廢土 救贖 哨向",oneauthor.php?authorid=5770967,onebook.php?novelid=8310350
洲洲醬,[向哨]這個嚮導有點冷,原創-言情-幻想未來-愛情,連載,5662,67315,2023-06-13 23:10:36,"簡介：你救了我，我保護你
標籤：未來架空 正劇 哨向",oneauthor.php?authorid=1349061,onebook.php?novelid=8099416
幾何11,上將他穿越了【哨向】,原創-純愛-幻想未來-科幻,連載,9556,85132,2023-05-16 15:20:00,"簡介：啊莫有
標籤：強強 機甲 星際 輕鬆 哨向",oneauthor.php?authorid=5610442,onebook.php?novelid=8023546
LuciBella,征服第一二三四五六哨兵後我馬甲掉了,原創-純愛-幻想未來-劇情,連載,13473,123157,2023-09-17 20:04:36,"簡介：尋找人生的存在和自我的意義
標籤：強強 正劇 廢土 美強慘 救贖 哨向",oneauthor.php?authorid=5838101,onebook.php?novelid=8389935
小煤球的鏟屎官,轉職後我成為了純愛殺手,原創-無CP-幻想未來-奇幻,連載,10586,98644,2023-07-27 08:59:29,"簡介：作者失戀後發瘋產物，別管。
標籤：快穿 爽文 ABO 開掛 哨向",oneauthor.php?authorid=5365195,onebook.php?novelid=8244775
禿禿子草乙,【哨向】上等的枷鎖,原創-純愛-幻想未來-懸疑,連載,3255,56136,2020-09-17 22:39:46,"簡介：沙雕偵探和美人咖啡店長的故事
標籤：懸疑推理 輕鬆 哨向",oneauthor.php?authorid=3381993,onebook.php?novelid=5177991
鬼謠巍巍,別讓我逮到,原創-純愛-幻想未來-愛情,連載,4981,67496,2020-07-09 17:05:00,"簡介：就是真香了
標籤：強強 情有獨鍾 穿書 爽文 輕鬆 哨向",oneauthor.php?authorid=3063363,onebook.php?novelid=4966171
舊曲新詞,【哨向】浴火生,原創-純愛-幻想未來-科幻,連載,2545,28780,2023-07-14 10:09:45,"簡介：年少時的喜歡成了真
標籤：強強 年下 異能 正劇 哨向",oneauthor.php?authorid=5757036,onebook.php?novelid=8199982
Krelinco,哨向血與火之哀歌,原創-純愛-近代現代-愛情,連載,10439,121300,2022-08-08 11:25:28,"簡介：本故事純屬虛構
標籤：強強 幻想空間 虐文 史詩奇幻 正劇 哨向",oneauthor.php?authorid=961513,onebook.php?novelid=7208622
令色巧言,作為嚮導，我向來柔弱可欺,原創-言情-幻想未來-劇情,連載,24036,111102,2023-12-27 04:00:00,"簡介：不是我真的柔弱可欺，你別不信啊
標籤：強強 情有獨鍾 穿越時空 星際 爽文 哨向",oneauthor.php?authorid=6031563,onebook.php?novelid=8582186
餘有長青,直覺繫戀人,原創-純愛-幻想未來-愛情,完結,32637,252826,2023-11-14 17:40:00,"簡介：我的悲慘戀愛經歷
標籤：穿越時空 日常 哨向",oneauthor.php?authorid=2812546,onebook.php?novelid=8500465
彩虹肉鬆,這些哨兵怎麼沒一個正常的？,原創-言情-幻想未來-劇情,連載,49720,230751,2023-12-08 10:55:04,"簡介：好訊息：覺醒了，壞訊息：是哨兵
標籤：幻想空間 女強 升級流 成長 哨向",oneauthor.php?authorid=6005577,onebook.php?novelid=8544248
曼陀羅籽,[向哨]我是貓,原創-純愛-幻想未來-愛情,連載,514,22089,2023-12-18 16:05:54,"簡介：竹馬竹馬，兩小無猜
標籤：生子 科幻 青梅竹馬 輕鬆 哨向",oneauthor.php?authorid=5021775,onebook.php?novelid=7767660
扶娘,【哨向】在星際當金絲雀，但拍電影爆紅了,原創-百合-幻想未來-科幻,連載,16308,163216,2023-08-11 03:53:53,"簡介：去碼頭拍點電影
標籤：強強 星際 系統 正劇 哨向",oneauthor.php?authorid=2697702,onebook.php?novelid=8294666
栗色不青,誘導公式(哨向),原創-純愛-幻想未來-科幻,連載,2042,24635,2023-08-13 20:05:00,"簡介：世界破破爛爛，小情侶縫縫補補
標籤：科幻 救贖 哨向",oneauthor.php?authorid=5837655,onebook.php?novelid=8302416
狂吃榴蓮,星際迴響,原創-純愛-幻想未來-科幻,連載,10523,86559,2023-09-23 01:26:08,"簡介：相親是世界上最棒的活動
標籤：年下 星際 甜文 輕鬆 HE 哨向",oneauthor.php?authorid=5902975,onebook.php?novelid=8399964
蓮蓉奶黃包,棠星夢約,原創-純愛-近代現代-愛情,連載,12933,158606,2020-07-29 00:00:00,"簡介：不要停止奔跑不要回顧來路
標籤：強強 生子 娛樂圈 星際 輕鬆 哨向",oneauthor.php?authorid=3253886,onebook.php?novelid=5034781
刀疤卡羅爾,風雲並驅,原創-純愛-幻想未來-輕小說,連載,15122,61974,2019-04-22 17:09:12,"簡介：隨便寫
標籤：輕鬆 哨向",oneauthor.php?authorid=2427377,onebook.php?novelid=4129735
不次胡蘿蔔,星際小傘仙[哨向],衍生-言情-幻想未來-輕小說,連載,2983,52290,2023-04-22 15:10:00,"簡介：讓你見識一下什麼叫東海小傘仙
標籤：幻想空間 輕鬆 哨向",oneauthor.php?authorid=2545291,onebook.php?novelid=7861109
清若漓,星辰在手,原創-純愛-幻想未來-愛情,連載,13933,83612,2023-12-19 18:00:00,"簡介：心與心的碰撞
標籤：天作之合 天之驕子 星際 哨向",oneauthor.php?authorid=6022047,onebook.php?novelid=8567811
啄霜,全職哨向遊隼,衍生-純愛-幻想未來-東方衍生,連載,2172,19024,2020-08-28 19:36:44,"簡介：全職各人在哨向世界都在幹嘛！？
標籤：科幻 天之驕子 星際 未來架空 正劇 哨向",oneauthor.php?authorid=1775144,onebook.php?novelid=5135387
枚羊,我在星際當奶媽,原創-純愛-幻想未來-科幻,連載,3212,31134,2021-06-20 15:56:32,"簡介：冒險和帶孩子並不衝突
標籤：強強 幻想空間 科幻 輕鬆 哨向",oneauthor.php?authorid=4001376,onebook.php?novelid=5882283
虞葛,玫瑰裂痕,原創-言情-幻想未來-科幻,連載,21801,105639,2023-12-15 15:52:45,"簡介：承認了，我就是破壞大環境的人
標籤：懸疑推理 成長 廢土 克蘇魯 哨向",oneauthor.php?authorid=6010725,onebook.php?novelid=8559824
魚鯉八魚,問過我想嗎？,原創-純愛-幻想未來-愛情,連載,5892,59967,2023-09-27 18:15:02,"簡介：我只想當陰暗爬蟲
標籤：強強 爽文 HE 哨向",oneauthor.php?authorid=5910896,onebook.php?novelid=8409391
墨裡沉沉,時間盡頭等你,原創-純愛-近代現代-愛情,連載,345,65031,2023-11-30 23:29:00,"簡介：大雨滂沱
標籤：強強 情有獨鍾 天作之合 西方羅曼 星際 哨向",oneauthor.php?authorid=5317182,onebook.php?novelid=7607859
大白老鼠,哨向聽說你也要殺我,原創-純愛-幻想未來-愛情,連載,10336,134193,2020-04-25 21:38:26,"簡介：披著羊皮的狼 X 披著狼皮的羊
標籤：年下 相愛相殺 星際 逆襲 輕鬆 哨向",oneauthor.php?authorid=3045148,onebook.php?novelid=4781469
少喝咖啡多喝茶,盜墓筆記之全員裝B,衍生-純愛-近代現代-東方衍生,連載,1638,25468,2023-10-05 21:42:19,"簡介：哨向架空同人衍生，自產腦洞
標籤：輕鬆 日常 吐槽 哨向",oneauthor.php?authorid=5923011,onebook.php?novelid=8425807
鐵樹_,一丈絲綸一寸鉤,原創-純愛-幻想未來-科幻,連載,6824,74861,2023-09-17 00:56:00,"簡介：善與惡的劃分由自己決定
標籤：科幻 異能 星際 腦洞 群像 哨向",oneauthor.php?authorid=5893151,onebook.php?novelid=8388208
作者,作品,型別,進度,字數,作品積分,發表時間
殷又,王子與騎士,原創-純愛-架空歷史-愛情,連載,2379,37756,2023-11-21 08:02:15,"簡介：待改
標籤：年下 情有獨鍾 哨向",oneauthor.php?authorid=4678917,onebook.php?novelid=7174018
來一壺燒酒,大蛇（哨向）,原創-純愛-幻想未來-輕小說,連載,14957,139659,2022-05-07 12:03:52,"簡介：大蛇越來越大，最後吞掉自己。
標籤：強強 情有獨鍾 正劇 哨向",oneauthor.php?authorid=4753432,onebook.php?novelid=6855058
徐小明,[哨向]白塔彎月,原創-無CP-幻想未來-劇情,連載,18570,145994,2022-03-14 03:20:45,"簡介：在白塔升級解密
標籤：勵志 未來架空 正劇 哨向",oneauthor.php?authorid=4553325,onebook.php?novelid=6639332
陳阿沉,臨時隊友,原創-純愛-幻想未來-劇情,連載,821,20820,2022-02-09 18:48:36,"簡介：不信謠不傳謠不造謠
標籤：強強 天作之合 未來架空 輕鬆 哨向",oneauthor.php?authorid=4238134,onebook.php?novelid=6551491
有瀆youdo,兇獸,原創-純愛-幻想未來-科幻,連載,4772,55827,2021-06-17 22:23:37,"簡介：借你的狂傲，做我的光
標籤：強強 科幻 異能 未來架空 正劇 哨向",oneauthor.php?authorid=3986225,onebook.php?novelid=5873549
月先生,原罪枷鎖,衍生-純愛-幻想未來-東方衍生,連載,21311,269830,2016-05-27 15:16:21,"簡介：南方公園同人，哨向/向哨設定
標籤：強強 科幻 星際 正劇 哨向",oneauthor.php?authorid=1813132,onebook.php?novelid=2786056
花不留,十四城,原創-純愛-架空歷史-奇幻,連載,289,24649,2019-07-09 19:01:00,"簡介：眼見未必是真實
標籤：靈異神怪 魔幻 異世大陸 亡靈異族 哨向",oneauthor.php?authorid=2419138,onebook.php?novelid=4154839
龍嬌渡,我的搭檔好愛我（哨向）,原創-純愛-幻想未來-愛情,連載,24823,219161,2023-05-21 23:40:00,"簡介：精神體的正確用法
標籤：強強 情有獨鍾 異能 甜文 輕鬆 哨向",oneauthor.php?authorid=5595623,onebook.php?novelid=8000364
霓麑raindeer,小鳥與獵豹,原創-純愛-幻想未來-愛情,連載,21420,118826,2023-08-30 22:55:04,"簡介：一個相互治癒的哨向故事。
標籤：甜文 治癒 暖男 暗戀 HE 哨向",oneauthor.php?authorid=5190671,onebook.php?novelid=8352768
捕魚去,留在337（哨向）,原創-純愛-幻想未來-輕小說,連載,1253,24205,2023-05-19 14:42:30,"簡介：一篇哨向短文
標籤：重生 末世 系統 快穿 輕鬆 哨向",oneauthor.php?authorid=5617842,onebook.php?novelid=8032043
少喝咖啡多喝茶,盜墓筆記之全員裝B,衍生-純愛-近代現代-東方衍生,連載,1638,25468,2023-10-05 21:42:19,"簡介：哨向架空同人衍生，自產腦洞
標籤：輕鬆 日常 吐槽 哨向",oneauthor.php?authorid=5923011,onebook.php?novelid=8425807
江天塵,荊棘歌,原創-純愛-架空歷史-劇情,連載,4484,49067,2022-06-27 15:40:00,"簡介：你聽過荊棘鳥唱歌嗎？
標籤：異能 現代架空 懸疑推理 哨向",oneauthor.php?authorid=2632615,onebook.php?novelid=7019906
細川與吾緣,哨向 向光性,原創-純愛-幻想未來-懸疑,連載,5273,77753,2021-01-07 10:32:46,"簡介：趨光與希望，真實與謊言
標籤：幻想空間 現代架空 懸疑推理 史詩奇幻 正劇 哨向",oneauthor.php?authorid=3424312,onebook.php?novelid=5401450
雲鯤,星輝（哨兵嚮導）,原創-言情-幻想未來-科幻,連載,6810,52100,2023-10-19 11:39:41,"簡介：幹翻蟲族，拯救世界。
標籤：科幻 重生 星際 正劇 忠犬 哨向",oneauthor.php?authorid=5920506,onebook.php?novelid=8444806
吃撐了喵,重生之暴打所有反派,原創-純愛-架空歷史-愛情,連載,3009,32556,2023-12-10 15:49:32,"簡介：就算你不回頭，我照樣會在你身後
標籤：穿越時空 重生 無限流 未來架空 開掛 哨向",oneauthor.php?authorid=6010163,onebook.php?novelid=8550344
茉葦畔,出任務後多個嚮導是否有點草率,原創-純愛-幻想未來-劇情,連載,5577,59645,2023-05-25 20:52:30,"簡介：《先婚後愛之哪一步才是第一步》
標籤：幻想空間 科幻 戀愛合約 陰差陽錯 輕鬆 哨向",oneauthor.php?authorid=5630207,onebook.php?novelid=8048669
君槿酒,業火,原創-純愛-近代現代-愛情,連載,1912,32275,2018-12-22 13:43:44,"簡介：設定會有所更改的哨向。
標籤：強強 末世 正劇 哨向",oneauthor.php?authorid=2399454,onebook.php?novelid=3965564
堰枕,[哨向]戰神,原創-純愛-幻想未來-愛情,連載,1,19024,2020-04-22 03:15:28,"簡介：。
標籤：輕鬆 哨向",oneauthor.php?authorid=2486395,onebook.php?novelid=4129178
冥月曉空,快穿之攻略難度越來越難怎麼辦,原創-純愛-幻想未來-愛情,連載,10417,106779,2023-09-09 13:06:48,"簡介：老天安排我去各個世界談戀愛
標籤：仙俠修真 星際 快穿 ABO 蟲族 哨向",oneauthor.php?authorid=1604085,onebook.php?novelid=8372254
dududa,請君入局,原創-言情-架空歷史-仙俠,連載,36868,246923,2023-08-25 15:09:14,"簡介：萬因皆已定，煩請君入局！
標籤：強強 因緣邂逅 仙俠修真 勵志 群像 哨向",oneauthor.php?authorid=5863686,onebook.php?novelid=8338159
六小陌二,雲層之下,原創-純愛-幻想未來-愛情,連載,9875,118787,2019-09-06 13:08:09,"簡介：雲層之下，是渺小卻偉大的人類
標籤：強強 天作之合 異能 輕鬆 哨向",oneauthor.php?authorid=1733217,onebook.php?novelid=4342930
晨染昏,塵埃/哨向/,原創-純愛-近代現代-愛情,連載,4601,20090,2020-09-24 12:05:32,"簡介：我只想和你普普通通談個戀愛。
標籤：虐文 破鏡重圓 陰差陽錯 校園 輕鬆 哨向",oneauthor.php?authorid=3207462,onebook.php?novelid=4978972
春秋師子,魔杜鵑之殺（哨向）,原創-純愛-幻想未來-科幻,連載,2726,16400,2023-07-09 17:50:06,"簡介：養虎成患
標籤：年下 西幻 正劇 哨向",oneauthor.php?authorid=5742707,onebook.php?novelid=8183051
紈絝家的金魚公子,初戀（哨向）,原創-純愛-近代現代-愛情,連載,4844,30645,2019-02-20 21:24:07,"簡介：雙向暗戀
標籤：強強 天作之合 輕鬆 哨向",oneauthor.php?authorid=2235252,onebook.php?novelid=4045436
番*******卜,範*******生,原創-百合-近代現代-愛情,連載,549,17118,2023-08-27 19:00:00,"簡介：黑///道大佬X心理醫生
標籤：強強 年下 甜文 HE 哨向",oneauthor.php?authorid=5831183,onebook.php?novelid=8343721
十三月寒,團長大人，沒我你真的不行,原創-言情-幻想未來-愛情,連載,38515,220882,2023-08-19 02:02:01,"簡介：一場哨兵和嚮導的甜寵愛戀
標籤：強強 靈異神怪 魔幻 熱血 追愛火葬場 哨向",oneauthor.php?authorid=5840686,onebook.php?novelid=8319520
夜安巴黎,［哨向］光之美少男,原創-純愛-幻想未來-愛情,連載,2212,22496,2023-02-08 19:00:00,"簡介：光之美少男拯救頹廢哨兵
標籤：甜文 輕鬆 哨向",oneauthor.php?authorid=1566766,onebook.php?novelid=7791370
隨便吧喝點茶,穿進哨向世界,原創-純愛-幻想未來-愛情,連載,3033,28177,2023-06-16 23:13:00,"簡介：與系統一起在哨兵世界生活
標籤：強強 系統 未來架空 爽文 輕鬆 哨向",oneauthor.php?authorid=5675953,onebook.php?novelid=8107060
想上天的木棉花,柯基與狼,原創-言情-架空歷史-愛情,連載,5151,34076,2020-10-25 20:19:47,"簡介：柯基與狼
標籤：輕鬆 哨向",oneauthor.php?authorid=3442382,onebook.php?novelid=5255881
懶癌不要打敗我,度假生活總是有意外,原創-純愛-幻想未來-科幻,連載,2537,27149,2023-11-30 06:27:45,"簡介：人生處處有意外
標籤：星際 未來架空 哨向",oneauthor.php?authorid=5966624,onebook.php?novelid=8490142
墟然,十三都即事,原創-百合-近代現代-驚悚,連載,1179,22908,2022-06-10 17:19:38,"簡介：城探俠侶的脫線日常
標籤：強強 三教九流 歡喜冤家 女強 正劇 哨向",oneauthor.php?authorid=4830574,onebook.php?novelid=6962431
唐三酒,小夫諸只想回家,原創-純愛-幻想未來-愛情,連載,12656,0,2023-12-28 16:09:28,"簡介：上將，你的小神獸掉下來了
標籤：穿越時空 星際 系統 東方玄幻 腦洞 哨向",oneauthor.php?authorid=6033054,onebook.php?novelid=8584528
我是學牲,餘溫,原創-純愛-架空歷史-科幻,連載,1507,21778,2023-09-09 23:13:34,"簡介：1v1 he
標籤：正劇 克蘇魯 HE 哨向",oneauthor.php?authorid=5512335,onebook.php?novelid=8373716
與生weds,願起聆生,衍生-言情-古色古香-其他衍生,連載,3080,42041,2023-07-20 12:54:02,"簡介：苦夏未落盡的小雨
標籤：強強 腦洞 紙片人 哨向",oneauthor.php?authorid=5775027,onebook.php?novelid=8221769
扶桑SolarHoly,與神對決,原創-純愛-近代現代-劇情,連載,6081,49810,2023-07-28 21:41:50,"簡介：正義永遠存在，真相不應為人所控
標籤：強強 甜文 治癒 哨向",oneauthor.php?authorid=4567316,onebook.php?novelid=8071948
bbbbbbp,任務異常,原創-純愛-幻想未來-愛情,連載,6587,57828,2023-11-07 01:59:08,"簡介：星光照耀寒山
標籤：強強 天作之合 輕鬆 哨向",oneauthor.php?authorid=5962603,onebook.php?novelid=8484871
無源之人,失眠創作,隨筆,連載,82,16415,2023-09-28 01:37:30,"簡介：失眠創作
標籤：情有獨鍾 血族 古早 第四天災 單元文 哨向",oneauthor.php?authorid=2100648,onebook.php?novelid=8410187
何日舟歸,他的沙丘鶴,原創-純愛-幻想未來-科幻,連載,12,17466,2021-05-29 12:30:53,"簡介：只有最努力才能已站在彼此身邊
標籤：幻想空間 情有獨鍾 騎士與劍 未來架空 輕鬆 哨向",oneauthor.php?authorid=3881030,onebook.php?novelid=5735245
執墨殘影,哨向，星軌交匯,原創-純愛-架空歷史-劇情,連載,2962,38858,2020-08-07 23:01:01,"簡介：我想拯救命運，也想拯救你。
標籤：強強 天作之合 星際 懸疑推理 哨向",oneauthor.php?authorid=2803510,onebook.php?novelid=5067687
臨天祺,xxx,原創-純愛-幻想未來-科幻,連載,344,17855,2022-03-20 14:42:55,"簡介：怎麼刪我服了
標籤：強強 年下 機甲 正劇 哨向",oneauthor.php?authorid=2626231,onebook.php?novelid=4662636
應付,情敵beta分化為嚮導,原創-純愛-近代現代-愛情,連載,11342,16400,2023-12-29 16:55:00,"簡介：情敵喜歡的居然是我？！
標籤：強強 年下 破鏡重圓 ABO 哨向",oneauthor.php?authorid=6029892,onebook.php?novelid=8585837
矅域,塔的守則（國擬美瓷/哨向））,原創-純愛-近代現代-奇幻,連載,1574,0,2023-12-29 23:15:59,"簡介：世界第一就要和世界第二談戀愛！
標籤：強強 年下 勵志 正劇 釣系 哨向",oneauthor.php?authorid=3114331,onebook.php?novelid=8587110
羊舌,誕星,原創-純愛-幻想未來-科幻,連載,6643,53013,2023-10-09 00:00:00,"簡介：狂拽哨兵俏嚮導
標籤：強強 天作之合 星際 未來架空 爽文 哨向",oneauthor.php?authorid=3356535,onebook.php?novelid=8430359
溪漁,螢光【bg哨向】,原創-言情-幻想未來-愛情,連載,1438,16400,2023-06-20 17:51:00,"簡介：女主和竹馬哥哥的“包辦婚姻”
標籤：強強 情有獨鍾 天作之合 青梅竹馬 正劇 哨向",oneauthor.php?authorid=5686205,onebook.php?novelid=8119188
火鍋蛋糕,貓科交往指南,原創-純愛-幻想未來-科幻,連載,1263,19511,2023-09-09 17:29:40,"簡介：雪豹和貓咪的愛情故事
標籤：正劇 哨向",oneauthor.php?authorid=5886859,onebook.php?novelid=8372781
皊然,【光遇】無人生還,衍生-純愛-近代現代-東方衍生,完結,1939,447469,2023-10-08 23:05:00,"簡介：老婆短短几年忘了我
標籤：強強 哨向",oneauthor.php?authorid=3215443,onebook.php?novelid=5347087
樾山青,今天也在努力升職[哨向],原創-純愛-幻想未來-劇情,連載,14549,16400,2023-12-27 16:58:44,"簡介：撿來的小弟說他是帝國上將…不信
標籤：強強 天作之合 星際 勵志 哨向",oneauthor.php?authorid=6029635,onebook.php?novelid=8582911
白逐行,【哨向】燈塔,原創-純愛-幻想未來-劇情,連載,3326,16400,2022-06-18 12:32:14,"簡介：養狗人與他的狗
標籤：強強 年下 異能 輕鬆 哨向",oneauthor.php?authorid=4851571,onebook.php?novelid=6989431
IG,我愛上了個“蠢貨”哨兵,原創-純愛-幻想未來-愛情,連載,1633,21987,2023-08-07 21:59:00,"簡介：囗嫌體直的嚮導和他的忠犬哨兵
標籤：重生 星際 毒舌 忠犬 HE 哨向",oneauthor.php?authorid=5817206,onebook.php?novelid=8274729
一位學生黨,世上最公平最真實的狼人殺,原創-無CP-近代現代-懸疑,連載,4105,45974,2023-09-07 22:46:15,"簡介：12人狼人殺
標籤：懸疑推理 輕鬆 多重人格 男配 預知 哨向",oneauthor.php?authorid=5477206,onebook.php?novelid=8369498
哦一天,窄門鎖上,原創-純愛-幻想未來-劇情,連載,2534,30922,2023-11-25 16:42:38,"簡介：期末周產物
標籤：異能 相愛相殺 克蘇魯 美強慘 位面 哨向",oneauthor.php?authorid=5936401,onebook.php?novelid=8520149
山下有靈,在星際算命的日子,原創-純愛-幻想未來-奇幻,連載,10800,81765,2023-11-09 12:26:25,"簡介：靠算命走上人生巔峰
標籤：穿書 哨向",oneauthor.php?authorid=5957271,onebook.php?novelid=8490717
散步的傘菌,你也是海鮮嗎？,原創-純愛-近代現代-愛情,連載,2923,32015,2020-05-17 13:11:29,"簡介：害怕的話就到殼裡來吧~
標籤：科幻 天作之合 異想天開 萌寵 輕鬆 哨向",oneauthor.php?authorid=3091716,onebook.php?novelid=4839692
和宥,假面交換,原創-純愛-幻想未來-愛情,連載,13056,0,2023-12-29 23:05:25,"簡介：直球年下哨兵x溫和冷靜嚮導
標籤：年下 末世 未來架空 HE 哨向",oneauthor.php?authorid=6034649,onebook.php?novelid=8587127
斕煙QA,論這三個人的oc究竟適配多少世界觀之哨向世界奇遇記,衍生-純愛-幻想未來-西方衍生,連載,5264,16400,2022-08-02 20:33:55,"簡介：哨向世界觀奇遇記，看就對了
標籤：英美衍生 幻想空間 科幻 末世 正劇 哨向",oneauthor.php?authorid=5003643,onebook.php?novelid=7182915
青桐客,全球淨化[向哨],原創-言情-幻想未來-科幻,連載,10187,49435,2023-12-27 14:23:47,"簡介：怪物嚮導X狼犬哨兵
標籤：強強 科幻 廢土 救贖 群像 哨向",oneauthor.php?authorid=6026844,onebook.php?novelid=8582652
李無謀,被逼瘋了的大學生活,原創-無CP-近代現代-輕小說,連載,138,16400,2023-07-22 06:17:40,"簡介：沒有簡介，我也不知道下一步咋走
標籤：群像 哨向",oneauthor.php?authorid=4447152,onebook.php?novelid=8228134
魏雨疏梧,，,原創-純愛-幻想未來-輕小說,連載,3156,39895,2023-09-09 22:00:00,"簡介：，
標籤：強強 宮廷侯爵 破鏡重圓 星際 廢土 哨向",oneauthor.php?authorid=4668246,onebook.php?novelid=8265988
我超愛你,開局神器群星之怒,隨筆,連載,2148,26903,2023-11-04 22:22:54,"簡介：這一句話剛剛好能夠湊夠十五個字
標籤：婆媳 網配 制服情緣 ABO app 哨向",oneauthor.php?authorid=5962268,onebook.php?novelid=8482255
一隻路痴,雙子塔,原創-純愛-幻想未來-科幻,連載,929,18526,2021-03-21 10:00:00,"簡介：哨兵×哨兵
標籤：強強 都市 末世 未來架空 正劇 哨向",oneauthor.php?authorid=3759293,onebook.php?novelid=5597412
